契約番号,請求回,請求日,顧客コード,前受金金額,請求金額,消費税,前受金からの取崩金額,差引請求額,担当部署名,売上集計区分,契約月数,延長区分,契約期間
B22003986,43,2025/9/30,9474,0,3000,300,0,3300,大阪支店,レンタル法人,60,新規,12ヶ月以上
B22003986,44,2025/10/31,9474,0,3000,300,0,3300,大阪支店,レンタル法人,60,新規,12ヶ月以上
B22003986,45,2025/11/30,9474,0,3000,300,0,3300,大阪支店,レンタル法人,60,新規,12ヶ月以上
B22003986,46,2025/12/31,9474,0,3000,300,0,3300,大阪支店,レンタル法人,60,新規,12ヶ月以上
B22003986,47,2026/1/31,9474,0,3000,300,0,3300,大阪支店,レンタル法人,60,新規,12ヶ月以上
B22003986,48,2026/2/28,9474,0,3000,300,0,3300,大阪支店,レンタル法人,60,新規,12ヶ月以上
B22003986,49,2026/3/31,9474,0,3000,300,0,3300,大阪支店,レンタル法人,60,新規,12ヶ月以上
B22003986,50,2026/4/30,9474,0,3000,300,0,3300,大阪支店,レンタル法人,60,新規,12ヶ月以上
B22003986,51,2026/5/31,9474,0,3000,300,0,3300,大阪支店,レンタル法人,60,新規,12ヶ月以上
B22003986,52,2026/6/30,9474,0,3000,300,0,3300,大阪支店,レンタル法人,60,新規,12ヶ月以上
B22003986,53,2026/7/31,9474,0,3000,300,0,3300,大阪支店,レンタル法人,60,新規,12ヶ月以上
B22003986,54,2026/8/31,9474,0,3000,300,0,3300,大阪支店,レンタル法人,60,新規,12ヶ月以上
B22018426,35,2025/9/30,11643,0,5200,520,0,5720,大阪支店,レンタル法人,36,新規,12ヶ月以上
B22018426,36,2025/10/31,11643,0,5200,520,0,5720,大阪支店,レンタル法人,36,新規,12ヶ月以上
B22018559,35,2025/9/30,10573,0,13630,1363,0,14993,大阪支店,レンタル法人,36,新規,12ヶ月以上
B22018559,36,2025/10/31,10573,0,13630,1363,0,14993,大阪支店,レンタル法人,36,新規,12ヶ月以上
B22020129,35,2025/9/30,11843,0,2000,200,0,2200,大阪支店,レンタル法人,36,新規,12ヶ月以上
B22020129,36,2025/10/31,11843,0,2000,200,0,2200,大阪支店,レンタル法人,36,新規,12ヶ月以上
B22020131,35,2025/9/30,11843,0,14000,1400,0,15400,大阪支店,レンタル法人,36,新規,12ヶ月以上
B22020131,36,2025/10/31,11843,0,14000,1400,0,15400,大阪支店,レンタル法人,36,新規,12ヶ月以上
B22022614,34,2025/9/30,12156,0,1450,145,0,1595,大阪支店,レンタル法人,60,新規,12ヶ月以上
B22022614,35,2025/10/31,12156,0,1450,145,0,1595,大阪支店,レンタル法人,60,新規,12ヶ月以上
B22022614,36,2025/11/30,12156,0,1450,145,0,1595,大阪支店,レンタル法人,60,新規,12ヶ月以上
B22022614,37,2025/12/31,12156,0,1450,145,0,1595,大阪支店,レンタル法人,60,新規,12ヶ月以上
B22022614,38,2026/1/31,12156,0,1450,145,0,1595,大阪支店,レンタル法人,60,新規,12ヶ月以上
B22022614,39,2026/2/28,12156,0,1450,145,0,1595,大阪支店,レンタル法人,60,新規,12ヶ月以上
B22022614,40,2026/3/31,12156,0,1450,145,0,1595,大阪支店,レンタル法人,60,新規,12ヶ月以上
B22022614,41,2026/4/30,12156,0,1450,145,0,1595,大阪支店,レンタル法人,60,新規,12ヶ月以上
B22022614,42,2026/5/31,12156,0,1450,145,0,1595,大阪支店,レンタル法人,60,新規,12ヶ月以上
B22022614,43,2026/6/30,12156,0,1450,145,0,1595,大阪支店,レンタル法人,60,新規,12ヶ月以上
B22022614,44,2026/7/31,12156,0,1450,145,0,1595,大阪支店,レンタル法人,60,新規,12ヶ月以上
B22022614,45,2026/8/31,12156,0,1450,145,0,1595,大阪支店,レンタル法人,60,新規,12ヶ月以上
B23003381,31,2025/9/30,10020,0,45000,4500,0,49500,大阪支店,レンタル法人,36,新規,12ヶ月以上
B23003381,32,2025/10/31,10020,0,45000,4500,0,49500,大阪支店,レンタル法人,36,新規,12ヶ月以上
B23003381,33,2025/11/30,10020,0,45000,4500,0,49500,大阪支店,レンタル法人,36,新規,12ヶ月以上
B23003381,34,2025/12/31,10020,0,45000,4500,0,49500,大阪支店,レンタル法人,36,新規,12ヶ月以上
B23003381,35,2026/1/31,10020,0,45000,4500,0,49500,大阪支店,レンタル法人,36,新規,12ヶ月以上
B23003381,36,2026/2/28,10020,0,45000,4500,0,49500,大阪支店,レンタル法人,36,新規,12ヶ月以上
B23005562,30,2025/9/30,12708,0,12600,1260,0,13860,大阪支店,レンタル法人,36,新規,12ヶ月以上
B23005562,31,2025/10/31,12708,0,12600,1260,0,13860,大阪支店,レンタル法人,36,新規,12ヶ月以上
B23005562,32,2025/11/30,12708,0,12600,1260,0,13860,大阪支店,レンタル法人,36,新規,12ヶ月以上
B23005562,33,2025/12/31,12708,0,12600,1260,0,13860,大阪支店,レンタル法人,36,新規,12ヶ月以上
B23005562,34,2026/1/31,12708,0,12600,1260,0,13860,大阪支店,レンタル法人,36,新規,12ヶ月以上
B23005562,35,2026/2/28,12708,0,12600,1260,0,13860,大阪支店,レンタル法人,36,新規,12ヶ月以上
B23005562,36,2026/3/31,12708,0,12600,1260,0,13860,大阪支店,レンタル法人,36,新規,12ヶ月以上
B23008158,30,2025/9/30,10573,0,5340,534,0,5874,大阪支店,レンタル法人,36,新規,12ヶ月以上
B23008158,31,2025/10/31,10573,0,5340,534,0,5874,大阪支店,レンタル法人,36,新規,12ヶ月以上
B23008158,32,2025/11/30,10573,0,5340,534,0,5874,大阪支店,レンタル法人,36,新規,12ヶ月以上
B23008158,33,2025/12/31,10573,0,5340,534,0,5874,大阪支店,レンタル法人,36,新規,12ヶ月以上
B23008158,34,2026/1/31,10573,0,5340,534,0,5874,大阪支店,レンタル法人,36,新規,12ヶ月以上
B23008158,35,2026/2/28,10573,0,5340,534,0,5874,大阪支店,レンタル法人,36,新規,12ヶ月以上
B23008158,36,2026/3/31,10573,0,5340,534,0,5874,大阪支店,レンタル法人,36,新規,12ヶ月以上
B23008634,30,2025/9/30,12708,0,7200,720,0,7920,大阪支店,レンタル法人,36,新規,12ヶ月以上
B23008634,31,2025/10/31,12708,0,7200,720,0,7920,大阪支店,レンタル法人,36,新規,12ヶ月以上
B23008634,32,2025/11/30,12708,0,7200,720,0,7920,大阪支店,レンタル法人,36,新規,12ヶ月以上
B23008634,33,2025/12/31,12708,0,7200,720,0,7920,大阪支店,レンタル法人,36,新規,12ヶ月以上
B23008634,34,2026/1/31,12708,0,7200,720,0,7920,大阪支店,レンタル法人,36,新規,12ヶ月以上
B23008634,35,2026/2/28,12708,0,7200,720,0,7920,大阪支店,レンタル法人,36,新規,12ヶ月以上
B23008634,36,2026/3/31,12708,0,7200,720,0,7920,大阪支店,レンタル法人,36,新規,12ヶ月以上
B23008678,30,2025/9/30,12708,0,4200,420,0,4620,大阪支店,レンタル法人,36,新規,12ヶ月以上
B23008678,31,2025/10/31,12708,0,4200,420,0,4620,大阪支店,レンタル法人,36,新規,12ヶ月以上
B23008678,32,2025/11/30,12708,0,4200,420,0,4620,大阪支店,レンタル法人,36,新規,12ヶ月以上
B23008678,33,2025/12/31,12708,0,4200,420,0,4620,大阪支店,レンタル法人,36,新規,12ヶ月以上
B23008678,34,2026/1/31,12708,0,4200,420,0,4620,大阪支店,レンタル法人,36,新規,12ヶ月以上
B23008678,35,2026/2/28,12708,0,4200,420,0,4620,大阪支店,レンタル法人,36,新規,12ヶ月以上
B23008678,36,2026/3/31,12708,0,4200,420,0,4620,大阪支店,レンタル法人,36,新規,12ヶ月以上
B23012729,28,2025/9/30,12156,0,1450,145,0,1595,大阪支店,レンタル法人,60,新規,12ヶ月以上
B23012729,29,2025/10/31,12156,0,1450,145,0,1595,大阪支店,レンタル法人,60,新規,12ヶ月以上
B23012729,30,2025/11/30,12156,0,1450,145,0,1595,大阪支店,レンタル法人,60,新規,12ヶ月以上
B23012729,31,2025/12/31,12156,0,1450,145,0,1595,大阪支店,レンタル法人,60,新規,12ヶ月以上
B23012729,32,2026/1/31,12156,0,1450,145,0,1595,大阪支店,レンタル法人,60,新規,12ヶ月以上
B23012729,33,2026/2/28,12156,0,1450,145,0,1595,大阪支店,レンタル法人,60,新規,12ヶ月以上
B23012729,34,2026/3/31,12156,0,1450,145,0,1595,大阪支店,レンタル法人,60,新規,12ヶ月以上
B23012729,35,2026/4/30,12156,0,1450,145,0,1595,大阪支店,レンタル法人,60,新規,12ヶ月以上
B23012729,36,2026/5/31,12156,0,1450,145,0,1595,大阪支店,レンタル法人,60,新規,12ヶ月以上
B23012729,37,2026/6/30,12156,0,1450,145,0,1595,大阪支店,レンタル法人,60,新規,12ヶ月以上
B23012729,38,2026/7/31,12156,0,1450,145,0,1595,大阪支店,レンタル法人,60,新規,12ヶ月以上
B23012729,39,2026/8/31,12156,0,1450,145,0,1595,大阪支店,レンタル法人,60,新規,12ヶ月以上
B23013590,27,2025/9/30,10191,0,325000,32500,0,357500,大阪支店,レンタル法人,60,新規,12ヶ月以上
B23013590,28,2025/10/31,10191,0,325000,32500,0,357500,大阪支店,レンタル法人,60,新規,12ヶ月以上
B23013590,29,2025/11/30,10191,0,325000,32500,0,357500,大阪支店,レンタル法人,60,新規,12ヶ月以上
B23013590,30,2025/12/31,10191,0,325000,32500,0,357500,大阪支店,レンタル法人,60,新規,12ヶ月以上
B23013590,31,2026/1/31,10191,0,325000,32500,0,357500,大阪支店,レンタル法人,60,新規,12ヶ月以上
B23013590,32,2026/2/28,10191,0,325000,32500,0,357500,大阪支店,レンタル法人,60,新規,12ヶ月以上
B23013590,33,2026/3/31,10191,0,325000,32500,0,357500,大阪支店,レンタル法人,60,新規,12ヶ月以上
B23013590,34,2026/4/30,10191,0,325000,32500,0,357500,大阪支店,レンタル法人,60,新規,12ヶ月以上
B23013590,35,2026/5/31,10191,0,325000,32500,0,357500,大阪支店,レンタル法人,60,新規,12ヶ月以上
B23013590,36,2026/6/30,10191,0,325000,32500,0,357500,大阪支店,レンタル法人,60,新規,12ヶ月以上
B23013590,37,2026/7/31,10191,0,325000,32500,0,357500,大阪支店,レンタル法人,60,新規,12ヶ月以上
B23013590,38,2026/8/31,10191,0,325000,32500,0,357500,大阪支店,レンタル法人,60,新規,12ヶ月以上
B23015709,27,2025/9/30,12156,0,2900,290,0,3190,大阪支店,レンタル法人,60,新規,12ヶ月以上
B23015709,28,2025/10/31,12156,0,2900,290,0,3190,大阪支店,レンタル法人,60,新規,12ヶ月以上
B23015709,29,2025/11/30,12156,0,2900,290,0,3190,大阪支店,レンタル法人,60,新規,12ヶ月以上
B23015709,30,2025/12/31,12156,0,2900,290,0,3190,大阪支店,レンタル法人,60,新規,12ヶ月以上
B23015709,31,2026/1/31,12156,0,2900,290,0,3190,大阪支店,レンタル法人,60,新規,12ヶ月以上
B23015709,32,2026/2/28,12156,0,2900,290,0,3190,大阪支店,レンタル法人,60,新規,12ヶ月以上
B23015709,33,2026/3/31,12156,0,2900,290,0,3190,大阪支店,レンタル法人,60,新規,12ヶ月以上
B23015709,34,2026/4/30,12156,0,2900,290,0,3190,大阪支店,レンタル法人,60,新規,12ヶ月以上
B23015709,35,2026/5/31,12156,0,2900,290,0,3190,大阪支店,レンタル法人,60,新規,12ヶ月以上
B23015709,36,2026/6/30,12156,0,2900,290,0,3190,大阪支店,レンタル法人,60,新規,12ヶ月以上
B23015709,37,2026/7/31,12156,0,2900,290,0,3190,大阪支店,レンタル法人,60,新規,12ヶ月以上
B23015709,38,2026/8/31,12156,0,2900,290,0,3190,大阪支店,レンタル法人,60,新規,12ヶ月以上
B23017479,26,2025/9/30,13500,0,12240,1224,0,13464,大阪支店,レンタル法人,60,新規,12ヶ月以上
B23017479,27,2025/10/31,13500,0,12240,1224,0,13464,大阪支店,レンタル法人,60,新規,12ヶ月以上
B23017479,28,2025/11/30,13500,0,12240,1224,0,13464,大阪支店,レンタル法人,60,新規,12ヶ月以上
B23017479,29,2025/12/31,13500,0,12240,1224,0,13464,大阪支店,レンタル法人,60,新規,12ヶ月以上
B23017479,30,2026/1/31,13500,0,12240,1224,0,13464,大阪支店,レンタル法人,60,新規,12ヶ月以上
B23017479,31,2026/2/28,13500,0,12240,1224,0,13464,大阪支店,レンタル法人,60,新規,12ヶ月以上
B23017479,32,2026/3/31,13500,0,12240,1224,0,13464,大阪支店,レンタル法人,60,新規,12ヶ月以上
B23017479,33,2026/4/30,13500,0,12240,1224,0,13464,大阪支店,レンタル法人,60,新規,12ヶ月以上
B23017479,34,2026/5/31,13500,0,12240,1224,0,13464,大阪支店,レンタル法人,60,新規,12ヶ月以上
B23017479,35,2026/6/30,13500,0,12240,1224,0,13464,大阪支店,レンタル法人,60,新規,12ヶ月以上
B23017479,36,2026/7/31,13500,0,12240,1224,0,13464,大阪支店,レンタル法人,60,新規,12ヶ月以上
B23017479,37,2026/8/31,13500,0,12240,1224,0,13464,大阪支店,レンタル法人,60,新規,12ヶ月以上
B23018623,25,2025/9/30,13725,0,2440,244,0,2684,大阪支店,レンタル法人,60,新規,12ヶ月以上
B23018623,26,2025/10/31,13725,0,2440,244,0,2684,大阪支店,レンタル法人,60,新規,12ヶ月以上
B23018623,27,2025/11/30,13725,0,2440,244,0,2684,大阪支店,レンタル法人,60,新規,12ヶ月以上
B23018623,28,2025/12/31,13725,0,2440,244,0,2684,大阪支店,レンタル法人,60,新規,12ヶ月以上
B23018623,29,2026/1/31,13725,0,2440,244,0,2684,大阪支店,レンタル法人,60,新規,12ヶ月以上
B23018623,30,2026/2/28,13725,0,2440,244,0,2684,大阪支店,レンタル法人,60,新規,12ヶ月以上
B23018623,31,2026/3/31,13725,0,2440,244,0,2684,大阪支店,レンタル法人,60,新規,12ヶ月以上
B23018623,32,2026/4/30,13725,0,2440,244,0,2684,大阪支店,レンタル法人,60,新規,12ヶ月以上
B23018623,33,2026/5/31,13725,0,2440,244,0,2684,大阪支店,レンタル法人,60,新規,12ヶ月以上
B23018623,34,2026/6/30,13725,0,2440,244,0,2684,大阪支店,レンタル法人,60,新規,12ヶ月以上
B23018623,35,2026/7/31,13725,0,2440,244,0,2684,大阪支店,レンタル法人,60,新規,12ヶ月以上
B23018623,36,2026/8/31,13725,0,2440,244,0,2684,大阪支店,レンタル法人,60,新規,12ヶ月以上
B23020217,24,2025/9/30,13724,0,3320,332,0,3652,大阪支店,レンタル法人,60,新規,12ヶ月以上
B23020217,25,2025/10/31,13724,0,3320,332,0,3652,大阪支店,レンタル法人,60,新規,12ヶ月以上
B23020217,26,2025/11/30,13724,0,3320,332,0,3652,大阪支店,レンタル法人,60,新規,12ヶ月以上
B23020217,27,2025/12/31,13724,0,3320,332,0,3652,大阪支店,レンタル法人,60,新規,12ヶ月以上
B23020217,28,2026/1/31,13724,0,3320,332,0,3652,大阪支店,レンタル法人,60,新規,12ヶ月以上
B23020217,29,2026/2/28,13724,0,3320,332,0,3652,大阪支店,レンタル法人,60,新規,12ヶ月以上
B23020217,30,2026/3/31,13724,0,3320,332,0,3652,大阪支店,レンタル法人,60,新規,12ヶ月以上
B23020217,31,2026/4/30,13724,0,3320,332,0,3652,大阪支店,レンタル法人,60,新規,12ヶ月以上
B23020217,32,2026/5/31,13724,0,3320,332,0,3652,大阪支店,レンタル法人,60,新規,12ヶ月以上
B23020217,33,2026/6/30,13724,0,3320,332,0,3652,大阪支店,レンタル法人,60,新規,12ヶ月以上
B23020217,34,2026/7/31,13724,0,3320,332,0,3652,大阪支店,レンタル法人,60,新規,12ヶ月以上
B23020217,35,2026/8/31,13724,0,3320,332,0,3652,大阪支店,レンタル法人,60,新規,12ヶ月以上
B23020218,24,2025/9/30,13500,0,3320,332,0,3652,大阪支店,レンタル法人,60,新規,12ヶ月以上
B23020218,25,2025/10/31,13500,0,3320,332,0,3652,大阪支店,レンタル法人,60,新規,12ヶ月以上
B23020218,26,2025/11/30,13500,0,3320,332,0,3652,大阪支店,レンタル法人,60,新規,12ヶ月以上
B23020218,27,2025/12/31,13500,0,3320,332,0,3652,大阪支店,レンタル法人,60,新規,12ヶ月以上
B23020218,28,2026/1/31,13500,0,3320,332,0,3652,大阪支店,レンタル法人,60,新規,12ヶ月以上
B23020218,29,2026/2/28,13500,0,3320,332,0,3652,大阪支店,レンタル法人,60,新規,12ヶ月以上
B23020218,30,2026/3/31,13500,0,3320,332,0,3652,大阪支店,レンタル法人,60,新規,12ヶ月以上
B23020218,31,2026/4/30,13500,0,3320,332,0,3652,大阪支店,レンタル法人,60,新規,12ヶ月以上
B23020218,32,2026/5/31,13500,0,3320,332,0,3652,大阪支店,レンタル法人,60,新規,12ヶ月以上
B23020218,33,2026/6/30,13500,0,3320,332,0,3652,大阪支店,レンタル法人,60,新規,12ヶ月以上
B23020218,34,2026/7/31,13500,0,3320,332,0,3652,大阪支店,レンタル法人,60,新規,12ヶ月以上
B23020218,35,2026/8/31,13500,0,3320,332,0,3652,大阪支店,レンタル法人,60,新規,12ヶ月以上
B23020383,25,2025/9/30,13725,0,2400,240,0,2640,大阪支店,レンタル法人,60,新規,12ヶ月以上
B23020383,26,2025/10/31,13725,0,2400,240,0,2640,大阪支店,レンタル法人,60,新規,12ヶ月以上
B23020383,27,2025/11/30,13725,0,2400,240,0,2640,大阪支店,レンタル法人,60,新規,12ヶ月以上
B23020383,28,2025/12/31,13725,0,2400,240,0,2640,大阪支店,レンタル法人,60,新規,12ヶ月以上
B23020383,29,2026/1/31,13725,0,2400,240,0,2640,大阪支店,レンタル法人,60,新規,12ヶ月以上
B23020383,30,2026/2/28,13725,0,2400,240,0,2640,大阪支店,レンタル法人,60,新規,12ヶ月以上
B23020383,31,2026/3/31,13725,0,2400,240,0,2640,大阪支店,レンタル法人,60,新規,12ヶ月以上
B23020383,32,2026/4/30,13725,0,2400,240,0,2640,大阪支店,レンタル法人,60,新規,12ヶ月以上
B23020383,33,2026/5/31,13725,0,2400,240,0,2640,大阪支店,レンタル法人,60,新規,12ヶ月以上
B23020383,34,2026/6/30,13725,0,2400,240,0,2640,大阪支店,レンタル法人,60,新規,12ヶ月以上
B23020383,35,2026/7/31,13725,0,2400,240,0,2640,大阪支店,レンタル法人,60,新規,12ヶ月以上
B23020383,36,2026/8/31,13725,0,2400,240,0,2640,大阪支店,レンタル法人,60,新規,12ヶ月以上
B23020467,24,2025/9/30,13475,0,3500,350,0,3850,大阪支店,レンタル法人,72,新規,12ヶ月以上
B23020467,25,2025/10/31,13475,0,3500,350,0,3850,大阪支店,レンタル法人,72,新規,12ヶ月以上
B23020467,26,2025/11/30,13475,0,3500,350,0,3850,大阪支店,レンタル法人,72,新規,12ヶ月以上
B23020467,27,2025/12/31,13475,0,3500,350,0,3850,大阪支店,レンタル法人,72,新規,12ヶ月以上
B23020467,28,2026/1/31,13475,0,3500,350,0,3850,大阪支店,レンタル法人,72,新規,12ヶ月以上
B23020467,29,2026/2/28,13475,0,3500,350,0,3850,大阪支店,レンタル法人,72,新規,12ヶ月以上
B23020467,30,2026/3/31,13475,0,3500,350,0,3850,大阪支店,レンタル法人,72,新規,12ヶ月以上
B23020467,31,2026/4/30,13475,0,3500,350,0,3850,大阪支店,レンタル法人,72,新規,12ヶ月以上
B23020467,32,2026/5/31,13475,0,3500,350,0,3850,大阪支店,レンタル法人,72,新規,12ヶ月以上
B23020467,33,2026/6/30,13475,0,3500,350,0,3850,大阪支店,レンタル法人,72,新規,12ヶ月以上
B23020467,34,2026/7/31,13475,0,3500,350,0,3850,大阪支店,レンタル法人,72,新規,12ヶ月以上
B23020467,35,2026/8/31,13475,0,3500,350,0,3850,大阪支店,レンタル法人,72,新規,12ヶ月以上
B23021447,24,2025/9/30,13500,0,3340,334,0,3674,大阪支店,レンタル法人,60,新規,12ヶ月以上
B23021447,25,2025/10/31,13500,0,3340,334,0,3674,大阪支店,レンタル法人,60,新規,12ヶ月以上
B23021447,26,2025/11/30,13500,0,3340,334,0,3674,大阪支店,レンタル法人,60,新規,12ヶ月以上
B23021447,27,2025/12/31,13500,0,3340,334,0,3674,大阪支店,レンタル法人,60,新規,12ヶ月以上
B23021447,28,2026/1/31,13500,0,3340,334,0,3674,大阪支店,レンタル法人,60,新規,12ヶ月以上
B23021447,29,2026/2/28,13500,0,3340,334,0,3674,大阪支店,レンタル法人,60,新規,12ヶ月以上
B23021447,30,2026/3/31,13500,0,3340,334,0,3674,大阪支店,レンタル法人,60,新規,12ヶ月以上
B23021447,31,2026/4/30,13500,0,3340,334,0,3674,大阪支店,レンタル法人,60,新規,12ヶ月以上
B23021447,32,2026/5/31,13500,0,3340,334,0,3674,大阪支店,レンタル法人,60,新規,12ヶ月以上
B23021447,33,2026/6/30,13500,0,3340,334,0,3674,大阪支店,レンタル法人,60,新規,12ヶ月以上
B23021447,34,2026/7/31,13500,0,3340,334,0,3674,大阪支店,レンタル法人,60,新規,12ヶ月以上
B23021447,35,2026/8/31,13500,0,3340,334,0,3674,大阪支店,レンタル法人,60,新規,12ヶ月以上
B23021953,23,2025/9/30,13475,0,3500,350,0,3850,大阪支店,レンタル法人,72,新規,12ヶ月以上
B23021953,24,2025/10/31,13475,0,3500,350,0,3850,大阪支店,レンタル法人,72,新規,12ヶ月以上
B23021953,25,2025/11/30,13475,0,3500,350,0,3850,大阪支店,レンタル法人,72,新規,12ヶ月以上
B23021953,26,2025/12/31,13475,0,3500,350,0,3850,大阪支店,レンタル法人,72,新規,12ヶ月以上
B23021953,27,2026/1/31,13475,0,3500,350,0,3850,大阪支店,レンタル法人,72,新規,12ヶ月以上
B23021953,28,2026/2/28,13475,0,3500,350,0,3850,大阪支店,レンタル法人,72,新規,12ヶ月以上
B23021953,29,2026/3/31,13475,0,3500,350,0,3850,大阪支店,レンタル法人,72,新規,12ヶ月以上
B23021953,30,2026/4/30,13475,0,3500,350,0,3850,大阪支店,レンタル法人,72,新規,12ヶ月以上
B23021953,31,2026/5/31,13475,0,3500,350,0,3850,大阪支店,レンタル法人,72,新規,12ヶ月以上
B23021953,32,2026/6/30,13475,0,3500,350,0,3850,大阪支店,レンタル法人,72,新規,12ヶ月以上
B23021953,33,2026/7/31,13475,0,3500,350,0,3850,大阪支店,レンタル法人,72,新規,12ヶ月以上
B23021953,34,2026/8/31,13475,0,3500,350,0,3850,大阪支店,レンタル法人,72,新規,12ヶ月以上
B23022081,24,2025/9/30,5911,0,219900,21990,0,241890,大阪支店,レンタル法人,25,新規,12ヶ月以上
B23022081,25,2025/10/31,5911,0,219900,21990,0,241890,大阪支店,レンタル法人,25,新規,12ヶ月以上
B23023514,23,2025/9/30,12156,0,1690,169,0,1859,大阪支店,レンタル法人,60,新規,12ヶ月以上
B23023514,24,2025/10/31,12156,0,1690,169,0,1859,大阪支店,レンタル法人,60,新規,12ヶ月以上
B23023514,25,2025/11/30,12156,0,1690,169,0,1859,大阪支店,レンタル法人,60,新規,12ヶ月以上
B23023514,26,2025/12/31,12156,0,1690,169,0,1859,大阪支店,レンタル法人,60,新規,12ヶ月以上
B23023514,27,2026/1/31,12156,0,1690,169,0,1859,大阪支店,レンタル法人,60,新規,12ヶ月以上
B23023514,28,2026/2/28,12156,0,1690,169,0,1859,大阪支店,レンタル法人,60,新規,12ヶ月以上
B23023514,29,2026/3/31,12156,0,1690,169,0,1859,大阪支店,レンタル法人,60,新規,12ヶ月以上
B23023514,30,2026/4/30,12156,0,1690,169,0,1859,大阪支店,レンタル法人,60,新規,12ヶ月以上
B23023514,31,2026/5/31,12156,0,1690,169,0,1859,大阪支店,レンタル法人,60,新規,12ヶ月以上
B23023514,32,2026/6/30,12156,0,1690,169,0,1859,大阪支店,レンタル法人,60,新規,12ヶ月以上
B23023514,33,2026/7/31,12156,0,1690,169,0,1859,大阪支店,レンタル法人,60,新規,12ヶ月以上
B23023514,34,2026/8/31,12156,0,1690,169,0,1859,大阪支店,レンタル法人,60,新規,12ヶ月以上
B23023725,23,2025/9/30,14451,0,59150,5915,0,65065,大阪支店,レンタル法人,36,新規,12ヶ月以上
B23023725,24,2025/10/31,14451,0,59150,5915,0,65065,大阪支店,レンタル法人,36,新規,12ヶ月以上
B23023725,25,2025/11/30,14451,0,59150,5915,0,65065,大阪支店,レンタル法人,36,新規,12ヶ月以上
B23023725,26,2025/12/31,14451,0,59150,5915,0,65065,大阪支店,レンタル法人,36,新規,12ヶ月以上
B23023725,27,2026/1/31,14451,0,59150,5915,0,65065,大阪支店,レンタル法人,36,新規,12ヶ月以上
B23023725,28,2026/2/28,14451,0,59150,5915,0,65065,大阪支店,レンタル法人,36,新規,12ヶ月以上
B23023725,29,2026/3/31,14451,0,59150,5915,0,65065,大阪支店,レンタル法人,36,新規,12ヶ月以上
B23023725,30,2026/4/30,14451,0,59150,5915,0,65065,大阪支店,レンタル法人,36,新規,12ヶ月以上
B23023725,31,2026/5/31,14451,0,59150,5915,0,65065,大阪支店,レンタル法人,36,新規,12ヶ月以上
B23023725,32,2026/6/30,14451,0,59150,5915,0,65065,大阪支店,レンタル法人,36,新規,12ヶ月以上
B23023725,33,2026/7/31,14451,0,59150,5915,0,65065,大阪支店,レンタル法人,36,新規,12ヶ月以上
B23023725,34,2026/8/31,14451,0,59150,5915,0,65065,大阪支店,レンタル法人,36,新規,12ヶ月以上
B23026101,23,2025/9/30,11771,0,7800,780,0,8580,大阪支店,レンタル法人,60,新規,12ヶ月以上
B23026101,24,2025/10/31,11771,0,7800,780,0,8580,大阪支店,レンタル法人,60,新規,12ヶ月以上
B23026101,25,2025/11/30,11771,0,7800,780,0,8580,大阪支店,レンタル法人,60,新規,12ヶ月以上
B23026101,26,2025/12/31,11771,0,7800,780,0,8580,大阪支店,レンタル法人,60,新規,12ヶ月以上
B23026101,27,2026/1/31,11771,0,7800,780,0,8580,大阪支店,レンタル法人,60,新規,12ヶ月以上
B23026101,28,2026/2/28,11771,0,7800,780,0,8580,大阪支店,レンタル法人,60,新規,12ヶ月以上
B23026101,29,2026/3/31,11771,0,7800,780,0,8580,大阪支店,レンタル法人,60,新規,12ヶ月以上
B23026101,30,2026/4/30,11771,0,7800,780,0,8580,大阪支店,レンタル法人,60,新規,12ヶ月以上
B23026101,31,2026/5/31,11771,0,7800,780,0,8580,大阪支店,レンタル法人,60,新規,12ヶ月以上
B23026101,32,2026/6/30,11771,0,7800,780,0,8580,大阪支店,レンタル法人,60,新規,12ヶ月以上
B23026101,33,2026/7/31,11771,0,7800,780,0,8580,大阪支店,レンタル法人,60,新規,12ヶ月以上
B23026101,34,2026/8/31,11771,0,7800,780,0,8580,大阪支店,レンタル法人,60,新規,12ヶ月以上
B23027787,22,2025/9/30,9474,0,200,20,0,220,大阪支店,レンタル法人,39,新規,12ヶ月以上
B23027787,23,2025/10/31,9474,0,200,20,0,220,大阪支店,レンタル法人,39,新規,12ヶ月以上
B23027787,24,2025/11/30,9474,0,200,20,0,220,大阪支店,レンタル法人,39,新規,12ヶ月以上
B23027787,25,2025/12/31,9474,0,200,20,0,220,大阪支店,レンタル法人,39,新規,12ヶ月以上
B23027787,26,2026/1/31,9474,0,200,20,0,220,大阪支店,レンタル法人,39,新規,12ヶ月以上
B23027787,27,2026/2/28,9474,0,200,20,0,220,大阪支店,レンタル法人,39,新規,12ヶ月以上
B23027787,28,2026/3/31,9474,0,200,20,0,220,大阪支店,レンタル法人,39,新規,12ヶ月以上
B23027787,29,2026/4/30,9474,0,200,20,0,220,大阪支店,レンタル法人,39,新規,12ヶ月以上
B23027787,30,2026/5/31,9474,0,200,20,0,220,大阪支店,レンタル法人,39,新規,12ヶ月以上
B23027787,31,2026/6/30,9474,0,200,20,0,220,大阪支店,レンタル法人,39,新規,12ヶ月以上
B23027787,32,2026/7/31,9474,0,200,20,0,220,大阪支店,レンタル法人,39,新規,12ヶ月以上
B23027787,33,2026/8/31,9474,0,200,20,0,220,大阪支店,レンタル法人,39,新規,12ヶ月以上
B23027841,22,2025/9/30,11843,0,200,20,0,220,大阪支店,レンタル法人,24,新規,12ヶ月以上
B23027841,23,2025/10/31,11843,0,200,20,0,220,大阪支店,レンタル法人,24,新規,12ヶ月以上
B23027841,24,2025/11/30,11843,0,200,20,0,220,大阪支店,レンタル法人,24,新規,12ヶ月以上
B23027845,22,2025/9/30,12156,0,200,20,0,220,大阪支店,レンタル法人,49,新規,12ヶ月以上
B23027845,23,2025/10/31,12156,0,200,20,0,220,大阪支店,レンタル法人,49,新規,12ヶ月以上
B23027845,24,2025/11/30,12156,0,200,20,0,220,大阪支店,レンタル法人,49,新規,12ヶ月以上
B23027845,25,2025/12/31,12156,0,200,20,0,220,大阪支店,レンタル法人,49,新規,12ヶ月以上
B23027845,26,2026/1/31,12156,0,200,20,0,220,大阪支店,レンタル法人,49,新規,12ヶ月以上
B23027845,27,2026/2/28,12156,0,200,20,0,220,大阪支店,レンタル法人,49,新規,12ヶ月以上
B23027845,28,2026/3/31,12156,0,200,20,0,220,大阪支店,レンタル法人,49,新規,12ヶ月以上
B23027845,29,2026/4/30,12156,0,200,20,0,220,大阪支店,レンタル法人,49,新規,12ヶ月以上
B23027845,30,2026/5/31,12156,0,200,20,0,220,大阪支店,レンタル法人,49,新規,12ヶ月以上
B23027845,31,2026/6/30,12156,0,200,20,0,220,大阪支店,レンタル法人,49,新規,12ヶ月以上
B23027845,32,2026/7/31,12156,0,200,20,0,220,大阪支店,レンタル法人,49,新規,12ヶ月以上
B23027845,33,2026/8/31,12156,0,200,20,0,220,大阪支店,レンタル法人,49,新規,12ヶ月以上
B23027857,22,2025/9/30,12708,0,200,20,0,220,大阪支店,レンタル法人,29,新規,12ヶ月以上
B23027857,23,2025/10/31,12708,0,200,20,0,220,大阪支店,レンタル法人,29,新規,12ヶ月以上
B23027857,24,2025/11/30,12708,0,200,20,0,220,大阪支店,レンタル法人,29,新規,12ヶ月以上
B23027857,25,2025/12/31,12708,0,200,20,0,220,大阪支店,レンタル法人,29,新規,12ヶ月以上
B23027857,26,2026/1/31,12708,0,200,20,0,220,大阪支店,レンタル法人,29,新規,12ヶ月以上
B23027857,27,2026/2/28,12708,0,200,20,0,220,大阪支店,レンタル法人,29,新規,12ヶ月以上
B23027857,28,2026/3/31,12708,0,200,20,0,220,大阪支店,レンタル法人,29,新規,12ヶ月以上
B23027857,29,2026/4/30,12708,0,200,20,0,220,大阪支店,レンタル法人,29,新規,12ヶ月以上
B23027868,22,2025/9/30,13500,0,200,20,0,220,大阪支店,レンタル法人,57,新規,12ヶ月以上
B23027868,23,2025/10/31,13500,0,200,20,0,220,大阪支店,レンタル法人,57,新規,12ヶ月以上
B23027868,24,2025/11/30,13500,0,200,20,0,220,大阪支店,レンタル法人,57,新規,12ヶ月以上
B23027868,25,2025/12/31,13500,0,200,20,0,220,大阪支店,レンタル法人,57,新規,12ヶ月以上
B23027868,26,2026/1/31,13500,0,200,20,0,220,大阪支店,レンタル法人,57,新規,12ヶ月以上
B23027868,27,2026/2/28,13500,0,200,20,0,220,大阪支店,レンタル法人,57,新規,12ヶ月以上
B23027868,28,2026/3/31,13500,0,200,20,0,220,大阪支店,レンタル法人,57,新規,12ヶ月以上
B23027868,29,2026/4/30,13500,0,200,20,0,220,大阪支店,レンタル法人,57,新規,12ヶ月以上
B23027868,30,2026/5/31,13500,0,200,20,0,220,大阪支店,レンタル法人,57,新規,12ヶ月以上
B23027868,31,2026/6/30,13500,0,200,20,0,220,大阪支店,レンタル法人,57,新規,12ヶ月以上
B23027868,32,2026/7/31,13500,0,200,20,0,220,大阪支店,レンタル法人,57,新規,12ヶ月以上
B23027868,33,2026/8/31,13500,0,200,20,0,220,大阪支店,レンタル法人,57,新規,12ヶ月以上
B23027879,22,2025/9/30,13475,0,200,20,0,220,大阪支店,レンタル法人,68,新規,12ヶ月以上
B23027879,23,2025/10/31,13475,0,200,20,0,220,大阪支店,レンタル法人,68,新規,12ヶ月以上
B23027879,24,2025/11/30,13475,0,200,20,0,220,大阪支店,レンタル法人,68,新規,12ヶ月以上
B23027879,25,2025/12/31,13475,0,200,20,0,220,大阪支店,レンタル法人,68,新規,12ヶ月以上
B23027879,26,2026/1/31,13475,0,200,20,0,220,大阪支店,レンタル法人,68,新規,12ヶ月以上
B23027879,27,2026/2/28,13475,0,200,20,0,220,大阪支店,レンタル法人,68,新規,12ヶ月以上
B23027879,28,2026/3/31,13475,0,200,20,0,220,大阪支店,レンタル法人,68,新規,12ヶ月以上
B23027879,29,2026/4/30,13475,0,200,20,0,220,大阪支店,レンタル法人,68,新規,12ヶ月以上
B23027879,30,2026/5/31,13475,0,200,20,0,220,大阪支店,レンタル法人,68,新規,12ヶ月以上
B23027879,31,2026/6/30,13475,0,200,20,0,220,大阪支店,レンタル法人,68,新規,12ヶ月以上
B23027879,32,2026/7/31,13475,0,200,20,0,220,大阪支店,レンタル法人,68,新規,12ヶ月以上
B23027879,33,2026/8/31,13475,0,200,20,0,220,大阪支店,レンタル法人,68,新規,12ヶ月以上
B23027882,22,2025/9/30,13725,0,200,20,0,220,大阪支店,レンタル法人,58,新規,12ヶ月以上
B23027882,23,2025/10/31,13725,0,200,20,0,220,大阪支店,レンタル法人,58,新規,12ヶ月以上
B23027882,24,2025/11/30,13725,0,200,20,0,220,大阪支店,レンタル法人,58,新規,12ヶ月以上
B23027882,25,2025/12/31,13725,0,200,20,0,220,大阪支店,レンタル法人,58,新規,12ヶ月以上
B23027882,26,2026/1/31,13725,0,200,20,0,220,大阪支店,レンタル法人,58,新規,12ヶ月以上
B23027882,27,2026/2/28,13725,0,200,20,0,220,大阪支店,レンタル法人,58,新規,12ヶ月以上
B23027882,28,2026/3/31,13725,0,200,20,0,220,大阪支店,レンタル法人,58,新規,12ヶ月以上
B23027882,29,2026/4/30,13725,0,200,20,0,220,大阪支店,レンタル法人,58,新規,12ヶ月以上
B23027882,30,2026/5/31,13725,0,200,20,0,220,大阪支店,レンタル法人,58,新規,12ヶ月以上
B23027882,31,2026/6/30,13725,0,200,20,0,220,大阪支店,レンタル法人,58,新規,12ヶ月以上
B23027882,32,2026/7/31,13725,0,200,20,0,220,大阪支店,レンタル法人,58,新規,12ヶ月以上
B23027882,33,2026/8/31,13725,0,200,20,0,220,大阪支店,レンタル法人,58,新規,12ヶ月以上
B23028006,22,2025/9/30,12156,0,1690,169,0,1859,大阪支店,レンタル法人,60,新規,12ヶ月以上
B23028006,23,2025/10/31,12156,0,1690,169,0,1859,大阪支店,レンタル法人,60,新規,12ヶ月以上
B23028006,24,2025/11/30,12156,0,1690,169,0,1859,大阪支店,レンタル法人,60,新規,12ヶ月以上
B23028006,25,2025/12/31,12156,0,1690,169,0,1859,大阪支店,レンタル法人,60,新規,12ヶ月以上
B23028006,26,2026/1/31,12156,0,1690,169,0,1859,大阪支店,レンタル法人,60,新規,12ヶ月以上
B23028006,27,2026/2/28,12156,0,1690,169,0,1859,大阪支店,レンタル法人,60,新規,12ヶ月以上
B23028006,28,2026/3/31,12156,0,1690,169,0,1859,大阪支店,レンタル法人,60,新規,12ヶ月以上
B23028006,29,2026/4/30,12156,0,1690,169,0,1859,大阪支店,レンタル法人,60,新規,12ヶ月以上
B23028006,30,2026/5/31,12156,0,1690,169,0,1859,大阪支店,レンタル法人,60,新規,12ヶ月以上
B23028006,31,2026/6/30,12156,0,1690,169,0,1859,大阪支店,レンタル法人,60,新規,12ヶ月以上
B23028006,32,2026/7/31,12156,0,1690,169,0,1859,大阪支店,レンタル法人,60,新規,12ヶ月以上
B23028006,33,2026/8/31,12156,0,1690,169,0,1859,大阪支店,レンタル法人,60,新規,12ヶ月以上
B23028438,21,2025/9/30,13475,0,3500,350,0,3850,大阪支店,レンタル法人,72,新規,12ヶ月以上
B23028438,22,2025/10/31,13475,0,3500,350,0,3850,大阪支店,レンタル法人,72,新規,12ヶ月以上
B23028438,23,2025/11/30,13475,0,3500,350,0,3850,大阪支店,レンタル法人,72,新規,12ヶ月以上
B23028438,24,2025/12/31,13475,0,3500,350,0,3850,大阪支店,レンタル法人,72,新規,12ヶ月以上
B23028438,25,2026/1/31,13475,0,3500,350,0,3850,大阪支店,レンタル法人,72,新規,12ヶ月以上
B23028438,26,2026/2/28,13475,0,3500,350,0,3850,大阪支店,レンタル法人,72,新規,12ヶ月以上
B23028438,27,2026/3/31,13475,0,3500,350,0,3850,大阪支店,レンタル法人,72,新規,12ヶ月以上
B23028438,28,2026/4/30,13475,0,3500,350,0,3850,大阪支店,レンタル法人,72,新規,12ヶ月以上
B23028438,29,2026/5/31,13475,0,3500,350,0,3850,大阪支店,レンタル法人,72,新規,12ヶ月以上
B23028438,30,2026/6/30,13475,0,3500,350,0,3850,大阪支店,レンタル法人,72,新規,12ヶ月以上
B23028438,31,2026/7/31,13475,0,3500,350,0,3850,大阪支店,レンタル法人,72,新規,12ヶ月以上
B23028438,32,2026/8/31,13475,0,3500,350,0,3850,大阪支店,レンタル法人,72,新規,12ヶ月以上
B23028685,22,2025/9/30,14499,0,16720,1672,0,18392,大阪支店,レンタル法人,60,新規,12ヶ月以上
B23028685,23,2025/10/31,14499,0,16720,1672,0,18392,大阪支店,レンタル法人,60,新規,12ヶ月以上
B23028685,24,2025/11/30,14499,0,16720,1672,0,18392,大阪支店,レンタル法人,60,新規,12ヶ月以上
B23028685,25,2025/12/31,14499,0,16720,1672,0,18392,大阪支店,レンタル法人,60,新規,12ヶ月以上
B23028685,26,2026/1/31,14499,0,16720,1672,0,18392,大阪支店,レンタル法人,60,新規,12ヶ月以上
B23028685,27,2026/2/28,14499,0,16720,1672,0,18392,大阪支店,レンタル法人,60,新規,12ヶ月以上
B23028685,28,2026/3/31,14499,0,16720,1672,0,18392,大阪支店,レンタル法人,60,新規,12ヶ月以上
B23028685,29,2026/4/30,14499,0,16720,1672,0,18392,大阪支店,レンタル法人,60,新規,12ヶ月以上
B23028685,30,2026/5/31,14499,0,16720,1672,0,18392,大阪支店,レンタル法人,60,新規,12ヶ月以上
B23028685,31,2026/6/30,14499,0,16720,1672,0,18392,大阪支店,レンタル法人,60,新規,12ヶ月以上
B23028685,32,2026/7/31,14499,0,16720,1672,0,18392,大阪支店,レンタル法人,60,新規,12ヶ月以上
B23028685,33,2026/8/31,14499,0,16720,1672,0,18392,大阪支店,レンタル法人,60,新規,12ヶ月以上
B24005015,18,2025/9/30,13475,0,3500,350,0,3850,大阪支店,レンタル法人,72,新規,12ヶ月以上
B24005015,19,2025/10/31,13475,0,3500,350,0,3850,大阪支店,レンタル法人,72,新規,12ヶ月以上
B24005015,20,2025/11/30,13475,0,3500,350,0,3850,大阪支店,レンタル法人,72,新規,12ヶ月以上
B24005015,21,2025/12/31,13475,0,3500,350,0,3850,大阪支店,レンタル法人,72,新規,12ヶ月以上
B24005015,22,2026/1/31,13475,0,3500,350,0,3850,大阪支店,レンタル法人,72,新規,12ヶ月以上
B24005015,23,2026/2/28,13475,0,3500,350,0,3850,大阪支店,レンタル法人,72,新規,12ヶ月以上
B24005015,24,2026/3/31,13475,0,3500,350,0,3850,大阪支店,レンタル法人,72,新規,12ヶ月以上
B24005015,25,2026/4/30,13475,0,3500,350,0,3850,大阪支店,レンタル法人,72,新規,12ヶ月以上
B24005015,26,2026/5/31,13475,0,3500,350,0,3850,大阪支店,レンタル法人,72,新規,12ヶ月以上
B24005015,27,2026/6/30,13475,0,3500,350,0,3850,大阪支店,レンタル法人,72,新規,12ヶ月以上
B24005015,28,2026/7/31,13475,0,3500,350,0,3850,大阪支店,レンタル法人,72,新規,12ヶ月以上
B24005015,29,2026/8/31,13475,0,3500,350,0,3850,大阪支店,レンタル法人,72,新規,12ヶ月以上
B24005016,19,2025/9/30,13475,0,3500,350,0,3850,大阪支店,レンタル法人,72,新規,12ヶ月以上
B24005016,20,2025/10/31,13475,0,3500,350,0,3850,大阪支店,レンタル法人,72,新規,12ヶ月以上
B24005016,21,2025/11/30,13475,0,3500,350,0,3850,大阪支店,レンタル法人,72,新規,12ヶ月以上
B24005016,22,2025/12/31,13475,0,3500,350,0,3850,大阪支店,レンタル法人,72,新規,12ヶ月以上
B24005016,23,2026/1/31,13475,0,3500,350,0,3850,大阪支店,レンタル法人,72,新規,12ヶ月以上
B24005016,24,2026/2/28,13475,0,3500,350,0,3850,大阪支店,レンタル法人,72,新規,12ヶ月以上
B24005016,25,2026/3/31,13475,0,3500,350,0,3850,大阪支店,レンタル法人,72,新規,12ヶ月以上
B24005016,26,2026/4/30,13475,0,3500,350,0,3850,大阪支店,レンタル法人,72,新規,12ヶ月以上
B24005016,27,2026/5/31,13475,0,3500,350,0,3850,大阪支店,レンタル法人,72,新規,12ヶ月以上
B24005016,28,2026/6/30,13475,0,3500,350,0,3850,大阪支店,レンタル法人,72,新規,12ヶ月以上
B24005016,29,2026/7/31,13475,0,3500,350,0,3850,大阪支店,レンタル法人,72,新規,12ヶ月以上
B24005016,30,2026/8/31,13475,0,3500,350,0,3850,大阪支店,レンタル法人,72,新規,12ヶ月以上
B24007353,18,2025/9/30,14967,0,53700,5370,0,59070,大阪支店,レンタル法人,36,新規,12ヶ月以上
B24007353,19,2025/10/31,14967,0,53700,5370,0,59070,大阪支店,レンタル法人,36,新規,12ヶ月以上
B24007353,20,2025/11/30,14967,0,53700,5370,0,59070,大阪支店,レンタル法人,36,新規,12ヶ月以上
B24007353,21,2025/12/31,14967,0,53700,5370,0,59070,大阪支店,レンタル法人,36,新規,12ヶ月以上
B24007353,22,2026/1/31,14967,0,53700,5370,0,59070,大阪支店,レンタル法人,36,新規,12ヶ月以上
B24007353,23,2026/2/28,14967,0,53700,5370,0,59070,大阪支店,レンタル法人,36,新規,12ヶ月以上
B24007353,24,2026/3/31,14967,0,53700,5370,0,59070,大阪支店,レンタル法人,36,新規,12ヶ月以上
B24007353,25,2026/4/30,14967,0,53700,5370,0,59070,大阪支店,レンタル法人,36,新規,12ヶ月以上
B24007353,26,2026/5/31,14967,0,53700,5370,0,59070,大阪支店,レンタル法人,36,新規,12ヶ月以上
B24007353,27,2026/6/30,14967,0,53700,5370,0,59070,大阪支店,レンタル法人,36,新規,12ヶ月以上
B24007353,28,2026/7/31,14967,0,53700,5370,0,59070,大阪支店,レンタル法人,36,新規,12ヶ月以上
B24007353,29,2026/8/31,14967,0,53700,5370,0,59070,大阪支店,レンタル法人,36,新規,12ヶ月以上
B24010685,18,2025/9/30,3939,0,3840,384,0,4224,大阪支店,レンタル法人,24,延長,12ヶ月以上
B24010685,19,2025/10/31,3939,0,3840,384,0,4224,大阪支店,レンタル法人,24,延長,12ヶ月以上
B24010685,20,2025/11/30,3939,0,3840,384,0,4224,大阪支店,レンタル法人,24,延長,12ヶ月以上
B24010685,21,2025/12/31,3939,0,3840,384,0,4224,大阪支店,レンタル法人,24,延長,12ヶ月以上
B24010685,22,2026/1/31,3939,0,3840,384,0,4224,大阪支店,レンタル法人,24,延長,12ヶ月以上
B24010685,23,2026/2/28,3939,0,3840,384,0,4224,大阪支店,レンタル法人,24,延長,12ヶ月以上
B24010685,24,2026/3/31,3939,0,3840,384,0,4224,大阪支店,レンタル法人,24,延長,12ヶ月以上
B24010686,18,2025/9/30,3939,0,15360,1536,0,16896,大阪支店,レンタル法人,24,延長,12ヶ月以上
B24010686,19,2025/10/31,3939,0,15360,1536,0,16896,大阪支店,レンタル法人,24,延長,12ヶ月以上
B24010686,20,2025/11/30,3939,0,15360,1536,0,16896,大阪支店,レンタル法人,24,延長,12ヶ月以上
B24010686,21,2025/12/31,3939,0,15360,1536,0,16896,大阪支店,レンタル法人,24,延長,12ヶ月以上
B24010686,22,2026/1/31,3939,0,15360,1536,0,16896,大阪支店,レンタル法人,24,延長,12ヶ月以上
B24010686,23,2026/2/28,3939,0,15360,1536,0,16896,大阪支店,レンタル法人,24,延長,12ヶ月以上
B24010686,24,2026/3/31,3939,0,15360,1536,0,16896,大阪支店,レンタル法人,24,延長,12ヶ月以上
B24011996,17,2025/9/30,3939,0,3840,384,0,4224,大阪支店,レンタル法人,22,新規,12ヶ月以上
B24011996,18,2025/10/31,3939,0,3840,384,0,4224,大阪支店,レンタル法人,22,新規,12ヶ月以上
B24011996,19,2025/11/30,3939,0,3840,384,0,4224,大阪支店,レンタル法人,22,新規,12ヶ月以上
B24011996,20,2025/12/31,3939,0,3840,384,0,4224,大阪支店,レンタル法人,22,新規,12ヶ月以上
B24011996,21,2026/1/31,3939,0,3840,384,0,4224,大阪支店,レンタル法人,22,新規,12ヶ月以上
B24011996,22,2026/2/28,3939,0,3840,384,0,4224,大阪支店,レンタル法人,22,新規,12ヶ月以上
B24011996,23,2026/3/31,3939,0,3840,384,0,4224,大阪支店,レンタル法人,22,新規,12ヶ月以上
B24013956,16,2025/9/30,13475,0,3500,350,0,3850,大阪支店,レンタル法人,72,新規,12ヶ月以上
B24013956,17,2025/10/31,13475,0,3500,350,0,3850,大阪支店,レンタル法人,72,新規,12ヶ月以上
B24013956,18,2025/11/30,13475,0,3500,350,0,3850,大阪支店,レンタル法人,72,新規,12ヶ月以上
B24013956,19,2025/12/31,13475,0,3500,350,0,3850,大阪支店,レンタル法人,72,新規,12ヶ月以上
B24013956,20,2026/1/31,13475,0,3500,350,0,3850,大阪支店,レンタル法人,72,新規,12ヶ月以上
B24013956,21,2026/2/28,13475,0,3500,350,0,3850,大阪支店,レンタル法人,72,新規,12ヶ月以上
B24013956,22,2026/3/31,13475,0,3500,350,0,3850,大阪支店,レンタル法人,72,新規,12ヶ月以上
B24013956,23,2026/4/30,13475,0,3500,350,0,3850,大阪支店,レンタル法人,72,新規,12ヶ月以上
B24013956,24,2026/5/31,13475,0,3500,350,0,3850,大阪支店,レンタル法人,72,新規,12ヶ月以上
B24013956,25,2026/6/30,13475,0,3500,350,0,3850,大阪支店,レンタル法人,72,新規,12ヶ月以上
B24013956,26,2026/7/31,13475,0,3500,350,0,3850,大阪支店,レンタル法人,72,新規,12ヶ月以上
B24013956,27,2026/8/31,13475,0,3500,350,0,3850,大阪支店,レンタル法人,72,新規,12ヶ月以上
B24015790,15,2025/9/30,12156,0,2050,205,0,2255,大阪支店,レンタル法人,60,新規,12ヶ月以上
B24015790,16,2025/10/31,12156,0,2050,205,0,2255,大阪支店,レンタル法人,60,新規,12ヶ月以上
B24015790,17,2025/11/30,12156,0,2050,205,0,2255,大阪支店,レンタル法人,60,新規,12ヶ月以上
B24015790,18,2025/12/31,12156,0,2050,205,0,2255,大阪支店,レンタル法人,60,新規,12ヶ月以上
B24015790,19,2026/1/31,12156,0,2050,205,0,2255,大阪支店,レンタル法人,60,新規,12ヶ月以上
B24015790,20,2026/2/28,12156,0,2050,205,0,2255,大阪支店,レンタル法人,60,新規,12ヶ月以上
B24015790,21,2026/3/31,12156,0,2050,205,0,2255,大阪支店,レンタル法人,60,新規,12ヶ月以上
B24015790,22,2026/4/30,12156,0,2050,205,0,2255,大阪支店,レンタル法人,60,新規,12ヶ月以上
B24015790,23,2026/5/31,12156,0,2050,205,0,2255,大阪支店,レンタル法人,60,新規,12ヶ月以上
B24015790,24,2026/6/30,12156,0,2050,205,0,2255,大阪支店,レンタル法人,60,新規,12ヶ月以上
B24015790,25,2026/7/31,12156,0,2050,205,0,2255,大阪支店,レンタル法人,60,新規,12ヶ月以上
B24015790,26,2026/8/31,12156,0,2050,205,0,2255,大阪支店,レンタル法人,60,新規,12ヶ月以上
B24016988,15,2025/9/30,15516,0,44664,4466,0,49130,大阪支店,レンタル法人,60,新規,12ヶ月以上
B24016988,16,2025/10/31,15516,0,44664,4466,0,49130,大阪支店,レンタル法人,60,新規,12ヶ月以上
B24016988,17,2025/11/30,15516,0,44664,4466,0,49130,大阪支店,レンタル法人,60,新規,12ヶ月以上
B24016988,18,2025/12/31,15516,0,44664,4466,0,49130,大阪支店,レンタル法人,60,新規,12ヶ月以上
B24016988,19,2026/1/31,15516,0,44664,4466,0,49130,大阪支店,レンタル法人,60,新規,12ヶ月以上
B24016988,20,2026/2/28,15516,0,44664,4466,0,49130,大阪支店,レンタル法人,60,新規,12ヶ月以上
B24016988,21,2026/3/31,15516,0,44664,4466,0,49130,大阪支店,レンタル法人,60,新規,12ヶ月以上
B24016988,22,2026/4/30,15516,0,44664,4466,0,49130,大阪支店,レンタル法人,60,新規,12ヶ月以上
B24016988,23,2026/5/31,15516,0,44664,4466,0,49130,大阪支店,レンタル法人,60,新規,12ヶ月以上
B24016988,24,2026/6/30,15516,0,44664,4466,0,49130,大阪支店,レンタル法人,60,新規,12ヶ月以上
B24016988,25,2026/7/31,15516,0,44664,4466,0,49130,大阪支店,レンタル法人,60,新規,12ヶ月以上
B24016988,26,2026/8/31,15516,0,44664,4466,0,49130,大阪支店,レンタル法人,60,新規,12ヶ月以上
B24021688,1,2025/12/31,5911,0,0,0,0,0,大阪支店,レンタル法人,15,新規,12ヶ月以上
B24022125,13,2025/9/30,15387,0,6240,624,0,6864,大阪支店,レンタル法人,36,新規,12ヶ月以上
B24022125,14,2025/10/31,15387,0,6240,624,0,6864,大阪支店,レンタル法人,36,新規,12ヶ月以上
B24022125,15,2025/11/30,15387,0,6240,624,0,6864,大阪支店,レンタル法人,36,新規,12ヶ月以上
B24022125,16,2025/12/31,15387,0,6240,624,0,6864,大阪支店,レンタル法人,36,新規,12ヶ月以上
B24022125,17,2026/1/31,15387,0,6240,624,0,6864,大阪支店,レンタル法人,36,新規,12ヶ月以上
B24022125,18,2026/2/28,15387,0,6240,624,0,6864,大阪支店,レンタル法人,36,新規,12ヶ月以上
B24022125,19,2026/3/31,15387,0,6240,624,0,6864,大阪支店,レンタル法人,36,新規,12ヶ月以上
B24022125,20,2026/4/30,15387,0,6240,624,0,6864,大阪支店,レンタル法人,36,新規,12ヶ月以上
B24022125,21,2026/5/31,15387,0,6240,624,0,6864,大阪支店,レンタル法人,36,新規,12ヶ月以上
B24022125,22,2026/6/30,15387,0,6240,624,0,6864,大阪支店,レンタル法人,36,新規,12ヶ月以上
B24022125,23,2026/7/31,15387,0,6240,624,0,6864,大阪支店,レンタル法人,36,新規,12ヶ月以上
B24022125,24,2026/8/31,15387,0,6240,624,0,6864,大阪支店,レンタル法人,36,新規,12ヶ月以上
B24024569,12,2025/9/30,5911,0,8940,894,0,9834,大阪支店,レンタル法人,13,新規,12ヶ月以上
B24024569,13,2025/10/31,5911,0,8940,894,0,9834,大阪支店,レンタル法人,13,新規,12ヶ月以上
B24026069,12,2025/9/30,4294,0,5400,540,0,5940,大阪支店,レンタル法人,18,新規,12ヶ月以上
B24026069,13,2025/10/31,4294,0,5400,540,0,5940,大阪支店,レンタル法人,18,新規,12ヶ月以上
B24026069,14,2025/11/30,4294,0,5400,540,0,5940,大阪支店,レンタル法人,18,新規,12ヶ月以上
B24026069,15,2025/12/31,4294,0,5400,540,0,5940,大阪支店,レンタル法人,18,新規,12ヶ月以上
B24026069,16,2026/1/31,4294,0,5400,540,0,5940,大阪支店,レンタル法人,18,新規,12ヶ月以上
B24026069,17,2026/2/28,4294,0,5400,540,0,5940,大阪支店,レンタル法人,18,新規,12ヶ月以上
B24026069,18,2026/3/31,4294,0,5400,540,0,5940,大阪支店,レンタル法人,18,新規,12ヶ月以上
B24028307,11,2025/9/30,15387,0,2760,276,0,3036,大阪支店,レンタル法人,36,新規,12ヶ月以上
B24028307,12,2025/10/31,15387,0,2760,276,0,3036,大阪支店,レンタル法人,36,新規,12ヶ月以上
B24028307,13,2025/11/30,15387,0,2760,276,0,3036,大阪支店,レンタル法人,36,新規,12ヶ月以上
B24028307,14,2025/12/31,15387,0,2760,276,0,3036,大阪支店,レンタル法人,36,新規,12ヶ月以上
B24028307,15,2026/1/31,15387,0,2760,276,0,3036,大阪支店,レンタル法人,36,新規,12ヶ月以上
B24028307,16,2026/2/28,15387,0,2760,276,0,3036,大阪支店,レンタル法人,36,新規,12ヶ月以上
B24028307,17,2026/3/31,15387,0,2760,276,0,3036,大阪支店,レンタル法人,36,新規,12ヶ月以上
B24028307,18,2026/4/30,15387,0,2760,276,0,3036,大阪支店,レンタル法人,36,新規,12ヶ月以上
B24028307,19,2026/5/31,15387,0,2760,276,0,3036,大阪支店,レンタル法人,36,新規,12ヶ月以上
B24028307,20,2026/6/30,15387,0,2760,276,0,3036,大阪支店,レンタル法人,36,新規,12ヶ月以上
B24028307,21,2026/7/31,15387,0,2760,276,0,3036,大阪支店,レンタル法人,36,新規,12ヶ月以上
B24028307,22,2026/8/31,15387,0,2760,276,0,3036,大阪支店,レンタル法人,36,新規,12ヶ月以上
B24028328,11,2025/9/30,5911,0,20200,2020,0,22220,大阪支店,レンタル法人,11,新規,12ヶ月未満
B24028328,12,2025/10/31,5911,0,20200,2020,0,22220,大阪支店,レンタル法人,11,新規,12ヶ月未満
B24028677,11,2025/9/30,5911,0,21000,2100,0,23100,大阪支店,レンタル法人,11,新規,12ヶ月未満
B24028677,12,2025/10/31,5911,0,21000,2100,0,23100,大阪支店,レンタル法人,11,新規,12ヶ月未満
B24030540,11,2025/9/30,5911,0,35840,3584,0,39424,大阪支店,レンタル法人,12,延長,12ヶ月未満
B24030540,12,2025/10/31,5911,0,35840,3584,0,39424,大阪支店,レンタル法人,12,延長,12ヶ月未満
B25001122,8,2025/9/30,5911,0,7740,774,0,8514,大阪支店,レンタル法人,9,延長,12ヶ月未満
B25001122,9,2025/10/31,5911,0,7740,774,0,8514,大阪支店,レンタル法人,9,延長,12ヶ月未満
B25003942,8,2025/9/30,4294,0,5400,540,0,5940,大阪支店,レンタル法人,13,新規,12ヶ月以上
B25003942,9,2025/10/31,4294,0,5400,540,0,5940,大阪支店,レンタル法人,13,新規,12ヶ月以上
B25003942,10,2025/11/30,4294,0,5400,540,0,5940,大阪支店,レンタル法人,13,新規,12ヶ月以上
B25003942,11,2025/12/31,4294,0,5400,540,0,5940,大阪支店,レンタル法人,13,新規,12ヶ月以上
B25003942,12,2026/1/31,4294,0,5400,540,0,5940,大阪支店,レンタル法人,13,新規,12ヶ月以上
B25003942,13,2026/2/28,4294,0,5400,540,0,5940,大阪支店,レンタル法人,13,新規,12ヶ月以上
B25003942,14,2026/3/31,4294,0,5400,540,0,5940,大阪支店,レンタル法人,13,新規,12ヶ月以上
B25004541,7,2025/9/30,5911,0,4300,430,0,4730,大阪支店,レンタル法人,12,新規,12ヶ月未満
B25004541,8,2025/10/31,5911,0,4300,430,0,4730,大阪支店,レンタル法人,12,新規,12ヶ月未満
B25004541,9,2025/11/30,5911,0,4300,430,0,4730,大阪支店,レンタル法人,12,新規,12ヶ月未満
B25004541,10,2025/12/31,5911,0,4300,430,0,4730,大阪支店,レンタル法人,12,新規,12ヶ月未満
B25004541,11,2026/1/31,5911,0,4300,430,0,4730,大阪支店,レンタル法人,12,新規,12ヶ月未満
B25004541,12,2026/2/28,5911,0,4300,430,0,4730,大阪支店,レンタル法人,12,新規,12ヶ月未満
B25004541,13,2026/3/31,5911,0,4300,430,0,4730,大阪支店,レンタル法人,12,新規,12ヶ月未満
B25004933,7,2025/9/30,12156,0,2050,205,0,2255,大阪支店,レンタル法人,60,新規,12ヶ月以上
B25004933,8,2025/10/31,12156,0,2050,205,0,2255,大阪支店,レンタル法人,60,新規,12ヶ月以上
B25004933,9,2025/11/30,12156,0,2050,205,0,2255,大阪支店,レンタル法人,60,新規,12ヶ月以上
B25004933,10,2025/12/31,12156,0,2050,205,0,2255,大阪支店,レンタル法人,60,新規,12ヶ月以上
B25004933,11,2026/1/31,12156,0,2050,205,0,2255,大阪支店,レンタル法人,60,新規,12ヶ月以上
B25004933,12,2026/2/28,12156,0,2050,205,0,2255,大阪支店,レンタル法人,60,新規,12ヶ月以上
B25004933,13,2026/3/31,12156,0,2050,205,0,2255,大阪支店,レンタル法人,60,新規,12ヶ月以上
B25004933,14,2026/4/30,12156,0,2050,205,0,2255,大阪支店,レンタル法人,60,新規,12ヶ月以上
B25004933,15,2026/5/31,12156,0,2050,205,0,2255,大阪支店,レンタル法人,60,新規,12ヶ月以上
B25004933,16,2026/6/30,12156,0,2050,205,0,2255,大阪支店,レンタル法人,60,新規,12ヶ月以上
B25004933,17,2026/7/31,12156,0,2050,205,0,2255,大阪支店,レンタル法人,60,新規,12ヶ月以上
B25004933,18,2026/8/31,12156,0,2050,205,0,2255,大阪支店,レンタル法人,60,新規,12ヶ月以上
B25006406,7,2025/9/30,16431,0,2200,220,0,2420,大阪支店,レンタル法人,24,新規,12ヶ月以上
B25006406,8,2025/10/31,16431,0,2200,220,0,2420,大阪支店,レンタル法人,24,新規,12ヶ月以上
B25006406,9,2025/11/30,16431,0,2200,220,0,2420,大阪支店,レンタル法人,24,新規,12ヶ月以上
B25006406,10,2025/12/31,16431,0,2200,220,0,2420,大阪支店,レンタル法人,24,新規,12ヶ月以上
B25006406,11,2026/1/31,16431,0,2200,220,0,2420,大阪支店,レンタル法人,24,新規,12ヶ月以上
B25006406,12,2026/2/28,16431,0,2200,220,0,2420,大阪支店,レンタル法人,24,新規,12ヶ月以上
B25006406,13,2026/3/31,16431,0,2200,220,0,2420,大阪支店,レンタル法人,24,新規,12ヶ月以上
B25006406,14,2026/4/30,16431,0,2200,220,0,2420,大阪支店,レンタル法人,24,新規,12ヶ月以上
B25006406,15,2026/5/31,16431,0,2200,220,0,2420,大阪支店,レンタル法人,24,新規,12ヶ月以上
B25006406,16,2026/6/30,16431,0,2200,220,0,2420,大阪支店,レンタル法人,24,新規,12ヶ月以上
B25006406,17,2026/7/31,16431,0,2200,220,0,2420,大阪支店,レンタル法人,24,新規,12ヶ月以上
B25006406,18,2026/8/31,16431,0,2200,220,0,2420,大阪支店,レンタル法人,24,新規,12ヶ月以上
B25007463,7,2025/9/30,4294,0,32560,3256,0,35816,大阪支店,レンタル法人,36,新規,12ヶ月以上
B25007463,8,2025/10/31,4294,0,32560,3256,0,35816,大阪支店,レンタル法人,36,新規,12ヶ月以上
B25007463,9,2025/11/30,4294,0,32560,3256,0,35816,大阪支店,レンタル法人,36,新規,12ヶ月以上
B25007463,10,2025/12/31,4294,0,32560,3256,0,35816,大阪支店,レンタル法人,36,新規,12ヶ月以上
B25007463,11,2026/1/31,4294,0,32560,3256,0,35816,大阪支店,レンタル法人,36,新規,12ヶ月以上
B25007463,12,2026/2/28,4294,0,32560,3256,0,35816,大阪支店,レンタル法人,36,新規,12ヶ月以上
B25007463,13,2026/3/31,4294,0,32560,3256,0,35816,大阪支店,レンタル法人,36,新規,12ヶ月以上
B25007463,14,2026/4/30,4294,0,32560,3256,0,35816,大阪支店,レンタル法人,36,新規,12ヶ月以上
B25007463,15,2026/5/31,4294,0,32560,3256,0,35816,大阪支店,レンタル法人,36,新規,12ヶ月以上
B25007463,16,2026/6/30,4294,0,32560,3256,0,35816,大阪支店,レンタル法人,36,新規,12ヶ月以上
B25007463,17,2026/7/31,4294,0,32560,3256,0,35816,大阪支店,レンタル法人,36,新規,12ヶ月以上
B25007463,18,2026/8/31,4294,0,32560,3256,0,35816,大阪支店,レンタル法人,36,新規,12ヶ月以上
B25007544,6,2025/9/30,16431,0,2800,280,0,3080,大阪支店,レンタル法人,24,新規,12ヶ月以上
B25007544,7,2025/10/31,16431,0,2800,280,0,3080,大阪支店,レンタル法人,24,新規,12ヶ月以上
B25007544,8,2025/11/30,16431,0,2800,280,0,3080,大阪支店,レンタル法人,24,新規,12ヶ月以上
B25007544,9,2025/12/31,16431,0,2800,280,0,3080,大阪支店,レンタル法人,24,新規,12ヶ月以上
B25007544,10,2026/1/31,16431,0,2800,280,0,3080,大阪支店,レンタル法人,24,新規,12ヶ月以上
B25007544,11,2026/2/28,16431,0,2800,280,0,3080,大阪支店,レンタル法人,24,新規,12ヶ月以上
B25007544,12,2026/3/31,16431,0,2800,280,0,3080,大阪支店,レンタル法人,24,新規,12ヶ月以上
B25007544,13,2026/4/30,16431,0,2800,280,0,3080,大阪支店,レンタル法人,24,新規,12ヶ月以上
B25007544,14,2026/5/31,16431,0,2800,280,0,3080,大阪支店,レンタル法人,24,新規,12ヶ月以上
B25007544,15,2026/6/30,16431,0,2800,280,0,3080,大阪支店,レンタル法人,24,新規,12ヶ月以上
B25007544,16,2026/7/31,16431,0,2800,280,0,3080,大阪支店,レンタル法人,24,新規,12ヶ月以上
B25007544,17,2026/8/31,16431,0,2800,280,0,3080,大阪支店,レンタル法人,24,新規,12ヶ月以上
B25007742,6,2025/9/30,16431,0,6600,660,0,7260,大阪支店,レンタル法人,24,新規,12ヶ月以上
B25007742,7,2025/10/31,16431,0,6600,660,0,7260,大阪支店,レンタル法人,24,新規,12ヶ月以上
B25007742,8,2025/11/30,16431,0,6600,660,0,7260,大阪支店,レンタル法人,24,新規,12ヶ月以上
B25007742,9,2025/12/31,16431,0,6600,660,0,7260,大阪支店,レンタル法人,24,新規,12ヶ月以上
B25007742,10,2026/1/31,16431,0,6600,660,0,7260,大阪支店,レンタル法人,24,新規,12ヶ月以上
B25007742,11,2026/2/28,16431,0,6600,660,0,7260,大阪支店,レンタル法人,24,新規,12ヶ月以上
B25007742,12,2026/3/31,16431,0,6600,660,0,7260,大阪支店,レンタル法人,24,新規,12ヶ月以上
B25007742,13,2026/4/30,16431,0,6600,660,0,7260,大阪支店,レンタル法人,24,新規,12ヶ月以上
B25007742,14,2026/5/31,16431,0,6600,660,0,7260,大阪支店,レンタル法人,24,新規,12ヶ月以上
B25007742,15,2026/6/30,16431,0,6600,660,0,7260,大阪支店,レンタル法人,24,新規,12ヶ月以上
B25007742,16,2026/7/31,16431,0,6600,660,0,7260,大阪支店,レンタル法人,24,新規,12ヶ月以上
B25007742,17,2026/8/31,16431,0,6600,660,0,7260,大阪支店,レンタル法人,24,新規,12ヶ月以上
B25007793,6,2025/9/30,11771,0,52800,5280,0,58080,大阪支店,レンタル法人,12,新規,12ヶ月未満
B25007793,7,2025/10/31,11771,0,52800,5280,0,58080,大阪支店,レンタル法人,12,新規,12ヶ月未満
B25007793,8,2025/11/30,11771,0,52800,5280,0,58080,大阪支店,レンタル法人,12,新規,12ヶ月未満
B25007793,9,2025/12/31,11771,0,52800,5280,0,58080,大阪支店,レンタル法人,12,新規,12ヶ月未満
B25007793,10,2026/1/31,11771,0,52800,5280,0,58080,大阪支店,レンタル法人,12,新規,12ヶ月未満
B25007793,11,2026/2/28,11771,0,52800,5280,0,58080,大阪支店,レンタル法人,12,新規,12ヶ月未満
B25007793,12,2026/3/31,11771,0,52800,5280,0,58080,大阪支店,レンタル法人,12,新規,12ヶ月未満
B25007922,6,2025/9/30,12498,0,11000,1100,0,12100,大阪支店,レンタル法人,6,新規,12ヶ月未満
B25007922,7,2025/10/31,12498,0,11000,1100,0,12100,大阪支店,レンタル法人,6,新規,12ヶ月未満
B25008546,5,2025/9/30,11771,0,57750,5775,0,63525,大阪支店,レンタル法人,35,新規,12ヶ月以上
B25008546,6,2025/10/31,11771,0,57750,5775,0,63525,大阪支店,レンタル法人,35,新規,12ヶ月以上
B25008546,7,2025/11/30,11771,0,57750,5775,0,63525,大阪支店,レンタル法人,35,新規,12ヶ月以上
B25008546,8,2025/12/31,11771,0,57750,5775,0,63525,大阪支店,レンタル法人,35,新規,12ヶ月以上
B25008546,9,2026/1/31,11771,0,57750,5775,0,63525,大阪支店,レンタル法人,35,新規,12ヶ月以上
B25008546,10,2026/2/28,11771,0,57750,5775,0,63525,大阪支店,レンタル法人,35,新規,12ヶ月以上
B25008546,11,2026/3/31,11771,0,57750,5775,0,63525,大阪支店,レンタル法人,35,新規,12ヶ月以上
B25008546,12,2026/4/30,11771,0,57750,5775,0,63525,大阪支店,レンタル法人,35,新規,12ヶ月以上
B25008546,13,2026/5/31,11771,0,57750,5775,0,63525,大阪支店,レンタル法人,35,新規,12ヶ月以上
B25008546,14,2026/6/30,11771,0,57750,5775,0,63525,大阪支店,レンタル法人,35,新規,12ヶ月以上
B25008546,15,2026/7/31,11771,0,57750,5775,0,63525,大阪支店,レンタル法人,35,新規,12ヶ月以上
B25008546,16,2026/8/31,11771,0,57750,5775,0,63525,大阪支店,レンタル法人,35,新規,12ヶ月以上
B25009710,6,2025/9/30,10623,0,9500,950,0,10450,大阪支店,レンタル法人,12,延長,12ヶ月未満
B25009710,7,2025/10/31,10623,0,9500,950,0,10450,大阪支店,レンタル法人,12,延長,12ヶ月未満
B25009710,8,2025/11/30,10623,0,9500,950,0,10450,大阪支店,レンタル法人,12,延長,12ヶ月未満
B25009710,9,2025/12/31,10623,0,9500,950,0,10450,大阪支店,レンタル法人,12,延長,12ヶ月未満
B25009710,10,2026/1/31,10623,0,9500,950,0,10450,大阪支店,レンタル法人,12,延長,12ヶ月未満
B25009710,11,2026/2/28,10623,0,9500,950,0,10450,大阪支店,レンタル法人,12,延長,12ヶ月未満
B25009710,12,2026/3/31,10623,0,9500,950,0,10450,大阪支店,レンタル法人,12,延長,12ヶ月未満
B25009722,6,2025/9/30,12156,0,6150,615,0,6765,大阪支店,レンタル法人,60,新規,12ヶ月以上
B25009722,7,2025/10/31,12156,0,6150,615,0,6765,大阪支店,レンタル法人,60,新規,12ヶ月以上
B25009722,8,2025/11/30,12156,0,6150,615,0,6765,大阪支店,レンタル法人,60,新規,12ヶ月以上
B25009722,9,2025/12/31,12156,0,6150,615,0,6765,大阪支店,レンタル法人,60,新規,12ヶ月以上
B25009722,10,2026/1/31,12156,0,6150,615,0,6765,大阪支店,レンタル法人,60,新規,12ヶ月以上
B25009722,11,2026/2/28,12156,0,6150,615,0,6765,大阪支店,レンタル法人,60,新規,12ヶ月以上
B25009722,12,2026/3/31,12156,0,6150,615,0,6765,大阪支店,レンタル法人,60,新規,12ヶ月以上
B25009722,13,2026/4/30,12156,0,6150,615,0,6765,大阪支店,レンタル法人,60,新規,12ヶ月以上
B25009722,14,2026/5/31,12156,0,6150,615,0,6765,大阪支店,レンタル法人,60,新規,12ヶ月以上
B25009722,15,2026/6/30,12156,0,6150,615,0,6765,大阪支店,レンタル法人,60,新規,12ヶ月以上
B25009722,16,2026/7/31,12156,0,6150,615,0,6765,大阪支店,レンタル法人,60,新規,12ヶ月以上
B25009722,17,2026/8/31,12156,0,6150,615,0,6765,大阪支店,レンタル法人,60,新規,12ヶ月以上
B25010350,6,2025/9/30,7462,0,2100,210,0,2310,大阪支店,レンタル法人,12,延長,12ヶ月未満
B25010350,7,2025/10/31,7462,0,2100,210,0,2310,大阪支店,レンタル法人,12,延長,12ヶ月未満
B25010350,8,2025/11/30,7462,0,2100,210,0,2310,大阪支店,レンタル法人,12,延長,12ヶ月未満
B25010350,9,2025/12/31,7462,0,2100,210,0,2310,大阪支店,レンタル法人,12,延長,12ヶ月未満
B25010350,10,2026/1/31,7462,0,2100,210,0,2310,大阪支店,レンタル法人,12,延長,12ヶ月未満
B25010350,11,2026/2/28,7462,0,2100,210,0,2310,大阪支店,レンタル法人,12,延長,12ヶ月未満
B25010350,12,2026/3/31,7462,0,2100,210,0,2310,大阪支店,レンタル法人,12,延長,12ヶ月未満
B25010353,1,2026/3/31,10210,0,59040,5904,0,64944,大阪支店,レンタル法人,12,延長,12ヶ月未満
B25010355,6,2025/9/30,10210,0,24000,2400,0,26400,大阪支店,レンタル法人,6,延長,12ヶ月未満
B25010982,5,2025/9/30,11771,0,37900,3790,0,41690,大阪支店,レンタル法人,34,新規,12ヶ月以上
B25010982,6,2025/10/31,11771,0,37900,3790,0,41690,大阪支店,レンタル法人,34,新規,12ヶ月以上
B25010982,7,2025/11/30,11771,0,37900,3790,0,41690,大阪支店,レンタル法人,34,新規,12ヶ月以上
B25010982,8,2025/12/31,11771,0,37900,3790,0,41690,大阪支店,レンタル法人,34,新規,12ヶ月以上
B25010982,9,2026/1/31,11771,0,37900,3790,0,41690,大阪支店,レンタル法人,34,新規,12ヶ月以上
B25010982,10,2026/2/28,11771,0,37900,3790,0,41690,大阪支店,レンタル法人,34,新規,12ヶ月以上
B25010982,11,2026/3/31,11771,0,37900,3790,0,41690,大阪支店,レンタル法人,34,新規,12ヶ月以上
B25010982,12,2026/4/30,11771,0,37900,3790,0,41690,大阪支店,レンタル法人,34,新規,12ヶ月以上
B25010982,13,2026/5/31,11771,0,37900,3790,0,41690,大阪支店,レンタル法人,34,新規,12ヶ月以上
B25010982,14,2026/6/30,11771,0,37900,3790,0,41690,大阪支店,レンタル法人,34,新規,12ヶ月以上
B25010982,15,2026/7/31,11771,0,37900,3790,0,41690,大阪支店,レンタル法人,34,新規,12ヶ月以上
B25010982,16,2026/8/31,11771,0,37900,3790,0,41690,大阪支店,レンタル法人,34,新規,12ヶ月以上
B25013633,4,2025/9/30,11771,0,1050,105,0,1155,大阪支店,レンタル法人,34,新規,12ヶ月以上
B25013633,5,2025/10/31,11771,0,1050,105,0,1155,大阪支店,レンタル法人,34,新規,12ヶ月以上
B25013633,6,2025/11/30,11771,0,1050,105,0,1155,大阪支店,レンタル法人,34,新規,12ヶ月以上
B25013633,7,2025/12/31,11771,0,1050,105,0,1155,大阪支店,レンタル法人,34,新規,12ヶ月以上
B25013633,8,2026/1/31,11771,0,1050,105,0,1155,大阪支店,レンタル法人,34,新規,12ヶ月以上
B25013633,9,2026/2/28,11771,0,1050,105,0,1155,大阪支店,レンタル法人,34,新規,12ヶ月以上
B25013633,10,2026/3/31,11771,0,1050,105,0,1155,大阪支店,レンタル法人,34,新規,12ヶ月以上
B25013633,11,2026/4/30,11771,0,1050,105,0,1155,大阪支店,レンタル法人,34,新規,12ヶ月以上
B25013633,12,2026/5/31,11771,0,1050,105,0,1155,大阪支店,レンタル法人,34,新規,12ヶ月以上
B25013633,13,2026/6/30,11771,0,1050,105,0,1155,大阪支店,レンタル法人,34,新規,12ヶ月以上
B25013633,14,2026/7/31,11771,0,1050,105,0,1155,大阪支店,レンタル法人,34,新規,12ヶ月以上
B25013633,15,2026/8/31,11771,0,1050,105,0,1155,大阪支店,レンタル法人,34,新規,12ヶ月以上
B25015057,4,2025/9/30,16431,0,2200,220,0,2420,大阪支店,レンタル法人,24,新規,12ヶ月以上
B25015057,5,2025/10/31,16431,0,2200,220,0,2420,大阪支店,レンタル法人,24,新規,12ヶ月以上
B25015057,6,2025/11/30,16431,0,2200,220,0,2420,大阪支店,レンタル法人,24,新規,12ヶ月以上
B25015057,7,2025/12/31,16431,0,2200,220,0,2420,大阪支店,レンタル法人,24,新規,12ヶ月以上
B25015057,8,2026/1/31,16431,0,2200,220,0,2420,大阪支店,レンタル法人,24,新規,12ヶ月以上
B25015057,9,2026/2/28,16431,0,2200,220,0,2420,大阪支店,レンタル法人,24,新規,12ヶ月以上
B25015057,10,2026/3/31,16431,0,2200,220,0,2420,大阪支店,レンタル法人,24,新規,12ヶ月以上
B25015057,11,2026/4/30,16431,0,2200,220,0,2420,大阪支店,レンタル法人,24,新規,12ヶ月以上
B25015057,12,2026/5/31,16431,0,2200,220,0,2420,大阪支店,レンタル法人,24,新規,12ヶ月以上
B25015057,13,2026/6/30,16431,0,2200,220,0,2420,大阪支店,レンタル法人,24,新規,12ヶ月以上
B25015057,14,2026/7/31,16431,0,2200,220,0,2420,大阪支店,レンタル法人,24,新規,12ヶ月以上
B25015057,15,2026/8/31,16431,0,2200,220,0,2420,大阪支店,レンタル法人,24,新規,12ヶ月以上
B25015456,4,2025/9/30,16431,0,2600,260,0,2860,大阪支店,レンタル法人,24,新規,12ヶ月以上
B25015456,5,2025/10/31,16431,0,2600,260,0,2860,大阪支店,レンタル法人,24,新規,12ヶ月以上
B25015456,6,2025/11/30,16431,0,2600,260,0,2860,大阪支店,レンタル法人,24,新規,12ヶ月以上
B25015456,7,2025/12/31,16431,0,2600,260,0,2860,大阪支店,レンタル法人,24,新規,12ヶ月以上
B25015456,8,2026/1/31,16431,0,2600,260,0,2860,大阪支店,レンタル法人,24,新規,12ヶ月以上
B25015456,9,2026/2/28,16431,0,2600,260,0,2860,大阪支店,レンタル法人,24,新規,12ヶ月以上
B25015456,10,2026/3/31,16431,0,2600,260,0,2860,大阪支店,レンタル法人,24,新規,12ヶ月以上
B25015456,11,2026/4/30,16431,0,2600,260,0,2860,大阪支店,レンタル法人,24,新規,12ヶ月以上
B25015456,12,2026/5/31,16431,0,2600,260,0,2860,大阪支店,レンタル法人,24,新規,12ヶ月以上
B25015456,13,2026/6/30,16431,0,2600,260,0,2860,大阪支店,レンタル法人,24,新規,12ヶ月以上
B25015456,14,2026/7/31,16431,0,2600,260,0,2860,大阪支店,レンタル法人,24,新規,12ヶ月以上
B25015456,15,2026/8/31,16431,0,2600,260,0,2860,大阪支店,レンタル法人,24,新規,12ヶ月以上
B25015505,1,2025/9/30,8988,0,0,0,0,0,大阪支店,レンタル法人,3,新規,12ヶ月未満
B25016071,4,2025/9/30,4294,0,8800,880,0,9680,大阪支店,レンタル法人,8,延長,12ヶ月未満
B25016071,5,2025/10/31,4294,0,8800,880,0,9680,大阪支店,レンタル法人,8,延長,12ヶ月未満
B25016071,6,2025/11/30,4294,0,8800,880,0,9680,大阪支店,レンタル法人,8,延長,12ヶ月未満
B25016071,7,2025/12/31,4294,0,8800,880,0,9680,大阪支店,レンタル法人,8,延長,12ヶ月未満
B25016071,8,2026/1/31,4294,0,8800,880,0,9680,大阪支店,レンタル法人,8,延長,12ヶ月未満
B25016813,3,2025/9/30,3737,0,26000,2600,0,28600,大阪支店,レンタル法人,36,新規,12ヶ月以上
B25016813,4,2025/10/31,3737,0,26000,2600,0,28600,大阪支店,レンタル法人,36,新規,12ヶ月以上
B25016813,5,2025/11/30,3737,0,26000,2600,0,28600,大阪支店,レンタル法人,36,新規,12ヶ月以上
B25016813,6,2025/12/31,3737,0,26000,2600,0,28600,大阪支店,レンタル法人,36,新規,12ヶ月以上
B25016813,7,2026/1/31,3737,0,26000,2600,0,28600,大阪支店,レンタル法人,36,新規,12ヶ月以上
B25016813,8,2026/2/28,3737,0,26000,2600,0,28600,大阪支店,レンタル法人,36,新規,12ヶ月以上
B25016813,9,2026/3/31,3737,0,26000,2600,0,28600,大阪支店,レンタル法人,36,新規,12ヶ月以上
B25016813,10,2026/4/30,3737,0,26000,2600,0,28600,大阪支店,レンタル法人,36,新規,12ヶ月以上
B25016813,11,2026/5/31,3737,0,26000,2600,0,28600,大阪支店,レンタル法人,36,新規,12ヶ月以上
B25016813,12,2026/6/30,3737,0,26000,2600,0,28600,大阪支店,レンタル法人,36,新規,12ヶ月以上
B25016813,13,2026/7/31,3737,0,26000,2600,0,28600,大阪支店,レンタル法人,36,新規,12ヶ月以上
B25016813,14,2026/8/31,3737,0,26000,2600,0,28600,大阪支店,レンタル法人,36,新規,12ヶ月以上
B25017148,4,2025/9/30,11771,0,37400,3740,0,41140,大阪支店,レンタル法人,6,延長,12ヶ月未満
B25017148,5,2025/10/31,11771,0,37400,3740,0,41140,大阪支店,レンタル法人,6,延長,12ヶ月未満
B25017148,6,2025/11/30,11771,0,37400,3740,0,41140,大阪支店,レンタル法人,6,延長,12ヶ月未満
B25017362,3,2025/9/30,16431,0,2600,260,0,2860,大阪支店,レンタル法人,24,新規,12ヶ月以上
B25017362,4,2025/10/31,16431,0,2600,260,0,2860,大阪支店,レンタル法人,24,新規,12ヶ月以上
B25017362,5,2025/11/30,16431,0,2600,260,0,2860,大阪支店,レンタル法人,24,新規,12ヶ月以上
B25017362,6,2025/12/31,16431,0,2600,260,0,2860,大阪支店,レンタル法人,24,新規,12ヶ月以上
B25017362,7,2026/1/31,16431,0,2600,260,0,2860,大阪支店,レンタル法人,24,新規,12ヶ月以上
B25017362,8,2026/2/28,16431,0,2600,260,0,2860,大阪支店,レンタル法人,24,新規,12ヶ月以上
B25017362,9,2026/3/31,16431,0,2600,260,0,2860,大阪支店,レンタル法人,24,新規,12ヶ月以上
B25017362,10,2026/4/30,16431,0,2600,260,0,2860,大阪支店,レンタル法人,24,新規,12ヶ月以上
B25017362,11,2026/5/31,16431,0,2600,260,0,2860,大阪支店,レンタル法人,24,新規,12ヶ月以上
B25017362,12,2026/6/30,16431,0,2600,260,0,2860,大阪支店,レンタル法人,24,新規,12ヶ月以上
B25017362,13,2026/7/31,16431,0,2600,260,0,2860,大阪支店,レンタル法人,24,新規,12ヶ月以上
B25017362,14,2026/8/31,16431,0,2600,260,0,2860,大阪支店,レンタル法人,24,新規,12ヶ月以上
B25018304,3,2025/9/30,2804,0,31000,3100,0,34100,大阪支店,レンタル法人,4,新規,12ヶ月未満
B25018304,4,2025/10/31,2804,0,31000,3100,0,34100,大阪支店,レンタル法人,4,新規,12ヶ月未満
B25018304,5,2025/11/30,2804,0,31000,3100,0,34100,大阪支店,レンタル法人,4,新規,12ヶ月未満
B25022290,1,2025/9/30,8988,0,10500,1050,0,11550,大阪支店,レンタル法人,36,新規,12ヶ月以上
B25022290,2,2025/10/31,8988,0,4500,450,0,4950,大阪支店,レンタル法人,36,新規,12ヶ月以上
B25022290,3,2025/11/30,8988,0,4500,450,0,4950,大阪支店,レンタル法人,36,新規,12ヶ月以上
B25022290,4,2025/12/31,8988,0,4500,450,0,4950,大阪支店,レンタル法人,36,新規,12ヶ月以上
B25022290,5,2026/1/31,8988,0,4500,450,0,4950,大阪支店,レンタル法人,36,新規,12ヶ月以上
B25022290,6,2026/2/28,8988,0,4500,450,0,4950,大阪支店,レンタル法人,36,新規,12ヶ月以上
B25022290,7,2026/3/31,8988,0,4500,450,0,4950,大阪支店,レンタル法人,36,新規,12ヶ月以上
B25022290,8,2026/4/30,8988,0,4500,450,0,4950,大阪支店,レンタル法人,36,新規,12ヶ月以上
B25022290,9,2026/5/31,8988,0,4500,450,0,4950,大阪支店,レンタル法人,36,新規,12ヶ月以上
B25022290,10,2026/6/30,8988,0,4500,450,0,4950,大阪支店,レンタル法人,36,新規,12ヶ月以上
B25022290,11,2026/7/31,8988,0,4500,450,0,4950,大阪支店,レンタル法人,36,新規,12ヶ月以上
B25022290,12,2026/8/31,8988,0,4500,450,0,4950,大阪支店,レンタル法人,36,新規,12ヶ月以上
B25023793,1,2025/9/30,3998,0,82600,8260,0,90860,大阪支店,レンタル法人,24,新規,12ヶ月以上
B25024214,1,2025/9/30,17144,0,352100,35210,0,387310,大阪支店,レンタル法人,5,新規,12ヶ月未満
B25024214,2,2025/10/31,17144,0,289100,28910,0,318010,大阪支店,レンタル法人,5,新規,12ヶ月未満
B25024214,3,2025/11/30,17144,0,289100,28910,0,318010,大阪支店,レンタル法人,5,新規,12ヶ月未満
B25024214,4,2025/12/31,17144,0,289100,28910,0,318010,大阪支店,レンタル法人,5,新規,12ヶ月未満
B25024214,5,2026/1/31,17144,0,289100,28910,0,318010,大阪支店,レンタル法人,5,新規,12ヶ月未満
B25026004,1,2025/9/30,3737,0,3600,360,0,3960,大阪支店,レンタル法人,1,延長,12ヶ月未満
B25026005,1,2025/9/30,3737,0,8640,864,0,9504,大阪支店,レンタル法人,1,延長,12ヶ月未満
B25026064,1,2025/9/30,8988,0,2300,230,0,2530,大阪支店,レンタル法人,0,延長,12ヶ月未満
B25026069,1,2025/9/30,8988,0,18000,1800,0,19800,大阪支店,レンタル法人,1,延長,12ヶ月未満
B25026142,1,2025/9/30,8988,0,112000,11200,0,123200,大阪支店,レンタル法人,1,延長,12ヶ月未満
B25026319,1,2025/10/31,17381,0,115100,11510,0,126610,大阪支店,レンタル法人,4,新規,12ヶ月未満
B25026319,2,2025/11/30,17381,0,87500,8750,0,96250,大阪支店,レンタル法人,4,新規,12ヶ月未満
B25026319,3,2025/12/31,17381,0,87500,8750,0,96250,大阪支店,レンタル法人,4,新規,12ヶ月未満
B25026319,4,2026/1/31,17381,0,87500,8750,0,96250,大阪支店,レンタル法人,4,新規,12ヶ月未満
B25026469,1,2025/10/31,17390,0,155400,15540,0,170940,大阪支店,レンタル法人,0,新規,12ヶ月未満
B25026513,1,2025/9/30,12191,0,6600,660,0,7260,大阪支店,レンタル法人,1,延長,12ヶ月未満
B25026516,1,2025/9/30,10210,0,7920,792,0,8712,大阪支店,レンタル法人,1,延長,12ヶ月未満
B25026530,1,2025/9/30,12191,0,12000,1200,0,13200,大阪支店,レンタル法人,1,延長,12ヶ月未満
B25026541,1,2025/9/30,8072,0,7360,736,0,8096,大阪支店,レンタル法人,1,延長,12ヶ月未満
B25026542,1,2025/9/30,12191,0,4800,480,0,5280,大阪支店,レンタル法人,1,延長,12ヶ月未満
B25026546,1,2025/9/30,12191,0,12000,1200,0,13200,大阪支店,レンタル法人,1,延長,12ヶ月未満
B25026547,1,2025/9/30,10059,0,4920,492,0,5412,大阪支店,レンタル法人,1,延長,12ヶ月未満
B25026548,1,2025/9/30,8072,0,8300,830,0,9130,大阪支店,レンタル法人,1,延長,12ヶ月未満
B25026550,1,2025/9/30,9693,0,9500,950,0,10450,大阪支店,レンタル法人,1,延長,12ヶ月未満
B25026552,1,2025/9/30,5911,0,3160,316,0,3476,大阪支店,レンタル法人,1,延長,12ヶ月未満
B25026554,1,2025/9/30,9693,0,9500,950,0,10450,大阪支店,レンタル法人,1,延長,12ヶ月未満
B25026868,1,2025/10/31,5911,0,169720,16972,0,186692,大阪支店,レンタル法人,11,新規,12ヶ月未満
B25027658,1,2025/11/30,16794,0,29000,2900,0,31900,大阪支店,レンタル法人,0,新規,12ヶ月未満
B25027799,0,2025/10/29,17465,13860,0,0,0,13860,大阪支店,レンタル法人,0,新規,12ヶ月未満
B25027799,1,2025/10/31,17465,0,12600,1260,13860,0,大阪支店,レンタル法人,0,新規,12ヶ月未満
B25028885,1,2025/10/31,16794,0,6900,690,0,7590,大阪支店,レンタル法人,0,新規,12ヶ月未満
B25029308,1,2025/10/31,11356,0,19771,1977,0,21748,大阪支店,レンタル法人,2,新規,12ヶ月未満
B25029542,1,2025/10/31,10210,0,24000,2400,0,26400,大阪支店,レンタル法人,6,延長,12ヶ月未満
B25029542,2,2025/11/30,10210,0,24000,2400,0,26400,大阪支店,レンタル法人,6,延長,12ヶ月未満
B25029542,3,2025/12/31,10210,0,24000,2400,0,26400,大阪支店,レンタル法人,6,延長,12ヶ月未満
B25029542,4,2026/1/31,10210,0,24000,2400,0,26400,大阪支店,レンタル法人,6,延長,12ヶ月未満
B25029542,5,2026/2/28,10210,0,24000,2400,0,26400,大阪支店,レンタル法人,6,延長,12ヶ月未満
B25029542,6,2026/3/31,10210,0,24000,2400,0,26400,大阪支店,レンタル法人,6,延長,12ヶ月未満
B25029791,1,2025/10/31,5911,0,9600,960,0,10560,大阪支店,レンタル法人,1,新規,12ヶ月未満
B25029956,1,2025/10/31,12191,0,12000,1200,0,13200,大阪支店,レンタル法人,1,延長,12ヶ月未満
B25029958,1,2025/10/31,10059,0,4920,492,0,5412,大阪支店,レンタル法人,1,延長,12ヶ月未満
B25029959,1,2025/10/31,8072,0,8300,830,0,9130,大阪支店,レンタル法人,1,延長,12ヶ月未満
B25029964,1,2025/10/31,9693,0,9500,950,0,10450,大阪支店,レンタル法人,1,延長,12ヶ月未満
B25029967,1,2025/10/31,9693,0,9500,950,0,10450,大阪支店,レンタル法人,1,延長,12ヶ月未満
B25029968,1,2025/10/31,12191,0,6600,660,0,7260,大阪支店,レンタル法人,1,延長,12ヶ月未満
B25029969,1,2025/10/31,10210,0,7920,792,0,8712,大阪支店,レンタル法人,1,延長,12ヶ月未満
B25029970,1,2025/10/31,12191,0,12000,1200,0,13200,大阪支店,レンタル法人,1,延長,12ヶ月未満
B25029971,1,2025/10/31,12191,0,4800,480,0,5280,大阪支店,レンタル法人,1,延長,12ヶ月未満
B25029972,1,2025/10/31,8072,0,7360,736,0,8096,大阪支店,レンタル法人,1,延長,12ヶ月未満
B25029977,1,2025/10/31,8988,0,3600,360,0,3960,大阪支店,レンタル法人,1,延長,12ヶ月未満
B25029980,1,2025/10/31,3737,0,3600,360,0,3960,大阪支店,レンタル法人,1,延長,12ヶ月未満
B25029981,1,2025/10/31,3737,0,8640,864,0,9504,大阪支店,レンタル法人,1,延長,12ヶ月未満
B25029999,1,2025/10/31,2213,0,17600,1760,0,19360,大阪支店,レンタル法人,0,新規,12ヶ月未満
B25030301,1,2025/11/30,2213,0,30000,3000,0,33000,大阪支店,レンタル法人,0,新規,12ヶ月未満
B25030825,1,2025/11/30,4294,0,2340000,234000,0,2574000,大阪支店,販売,0,新規,12ヶ月未満
B25031088,1,2025/10/31,5911,0,3160,316,0,3476,大阪支店,レンタル法人,1,延長,12ヶ月未満
B25032342,1,2025/12/31,2213,0,39200,3920,0,43120,大阪支店,レンタル法人,4,新規,12ヶ月未満
B25032342,2,2026/1/31,2213,0,35400,3540,0,38940,大阪支店,レンタル法人,4,新規,12ヶ月未満
B25032342,3,2026/2/28,2213,0,35400,3540,0,38940,大阪支店,レンタル法人,4,新規,12ヶ月未満
B25032342,4,2026/3/31,2213,0,35400,3540,0,38940,大阪支店,レンタル法人,4,新規,12ヶ月未満
B25033031,1,2025/11/30,10210,0,7920,792,0,8712,大阪支店,レンタル法人,5,延長,12ヶ月未満
B25033031,2,2025/12/31,10210,0,7920,792,0,8712,大阪支店,レンタル法人,5,延長,12ヶ月未満
B25033031,3,2026/1/31,10210,0,7920,792,0,8712,大阪支店,レンタル法人,5,延長,12ヶ月未満
B25033031,4,2026/2/28,10210,0,7920,792,0,8712,大阪支店,レンタル法人,5,延長,12ヶ月未満
B25033031,5,2026/3/31,10210,0,7920,792,0,8712,大阪支店,レンタル法人,5,延長,12ヶ月未満
B25033094,1,2025/11/30,11643,0,5200,520,0,5720,大阪支店,レンタル法人,1,延長,12ヶ月未満
B25033095,1,2025/11/30,10573,0,13380,1338,0,14718,大阪支店,レンタル法人,1,延長,12ヶ月未満
B25033096,1,2025/11/30,5911,0,108400,10840,0,119240,大阪支店,レンタル法人,1,延長,12ヶ月未満
B25033097,1,2025/11/30,5911,0,10200,1020,0,11220,大阪支店,レンタル法人,1,延長,12ヶ月未満
B25033098,1,2025/11/30,5911,0,7000,700,0,7700,大阪支店,レンタル法人,1,延長,12ヶ月未満
B25033099,1,2025/11/30,5911,0,35840,3584,0,39424,大阪支店,レンタル法人,1,延長,12ヶ月未満
B25033151,1,2025/11/30,5911,0,9600,960,0,10560,大阪支店,レンタル法人,1,延長,12ヶ月未満
B25033153,1,2025/11/30,12191,0,12000,1200,0,13200,大阪支店,レンタル法人,1,延長,12ヶ月未満
B25033154,1,2025/11/30,10059,0,4920,492,0,5412,大阪支店,レンタル法人,1,延長,12ヶ月未満
B25033157,1,2025/11/30,8072,0,8300,830,0,9130,大阪支店,レンタル法人,1,延長,12ヶ月未満
B25033162,1,2025/11/30,9693,0,9500,950,0,10450,大阪支店,レンタル法人,1,延長,12ヶ月未満
B25033166,1,2025/11/30,9693,0,9500,950,0,10450,大阪支店,レンタル法人,1,延長,12ヶ月未満
B25033170,1,2025/11/30,12191,0,4800,480,0,5280,大阪支店,レンタル法人,2,延長,12ヶ月未満
B25033170,2,2025/12/31,12191,0,4800,480,0,5280,大阪支店,レンタル法人,2,延長,12ヶ月未満
B25033171,1,2025/11/30,12191,0,12000,1200,0,13200,大阪支店,レンタル法人,1,延長,12ヶ月未満
B25033179,1,2025/11/30,8072,0,7360,736,0,8096,大阪支店,レンタル法人,1,延長,12ヶ月未満
B25033180,1,2025/11/30,5911,0,3160,316,0,3476,大阪支店,レンタル法人,1,延長,12ヶ月未満
B25033186,1,2025/11/30,13475,0,136500,13650,0,150150,大阪支店,レンタル法人,0,新規,12ヶ月未満
B25033187,1,2025/11/30,3737,0,3600,360,0,3960,大阪支店,レンタル法人,12,延長,12ヶ月未満
B25033187,2,2025/12/31,3737,0,3600,360,0,3960,大阪支店,レンタル法人,12,延長,12ヶ月未満
B25033187,3,2026/1/31,3737,0,3600,360,0,3960,大阪支店,レンタル法人,12,延長,12ヶ月未満
B25033187,4,2026/2/28,3737,0,3600,360,0,3960,大阪支店,レンタル法人,12,延長,12ヶ月未満
B25033187,5,2026/3/31,3737,0,3600,360,0,3960,大阪支店,レンタル法人,12,延長,12ヶ月未満
B25033187,6,2026/4/30,3737,0,3600,360,0,3960,大阪支店,レンタル法人,12,延長,12ヶ月未満
B25033187,7,2026/5/31,3737,0,3600,360,0,3960,大阪支店,レンタル法人,12,延長,12ヶ月未満
B25033187,8,2026/6/30,3737,0,3600,360,0,3960,大阪支店,レンタル法人,12,延長,12ヶ月未満
B25033187,9,2026/7/31,3737,0,3600,360,0,3960,大阪支店,レンタル法人,12,延長,12ヶ月未満
B25033187,10,2026/8/31,3737,0,3600,360,0,3960,大阪支店,レンタル法人,12,延長,12ヶ月未満
B25033188,1,2025/11/30,3737,0,8640,864,0,9504,大阪支店,レンタル法人,12,延長,12ヶ月未満
B25033188,2,2025/12/31,3737,0,8640,864,0,9504,大阪支店,レンタル法人,12,延長,12ヶ月未満
B25033188,3,2026/1/31,3737,0,8640,864,0,9504,大阪支店,レンタル法人,12,延長,12ヶ月未満
B25033188,4,2026/2/28,3737,0,8640,864,0,9504,大阪支店,レンタル法人,12,延長,12ヶ月未満
B25033188,5,2026/3/31,3737,0,8640,864,0,9504,大阪支店,レンタル法人,12,延長,12ヶ月未満
B25033188,6,2026/4/30,3737,0,8640,864,0,9504,大阪支店,レンタル法人,12,延長,12ヶ月未満
B25033188,7,2026/5/31,3737,0,8640,864,0,9504,大阪支店,レンタル法人,12,延長,12ヶ月未満
B25033188,8,2026/6/30,3737,0,8640,864,0,9504,大阪支店,レンタル法人,12,延長,12ヶ月未満
B25033188,9,2026/7/31,3737,0,8640,864,0,9504,大阪支店,レンタル法人,12,延長,12ヶ月未満
B25033188,10,2026/8/31,3737,0,8640,864,0,9504,大阪支店,レンタル法人,12,延長,12ヶ月未満
B25034340,1,2025/12/31,12191,0,24000,2400,0,26400,大阪支店,レンタル法人,0,新規,12ヶ月未満
B25035697,1,2025/12/31,10573,0,13380,1338,0,14718,大阪支店,レンタル法人,4,延長,12ヶ月未満
B25035697,2,2026/1/31,10573,0,13380,1338,0,14718,大阪支店,レンタル法人,4,延長,12ヶ月未満
B25035697,3,2026/2/28,10573,0,13380,1338,0,14718,大阪支店,レンタル法人,4,延長,12ヶ月未満
B25035697,4,2026/3/31,10573,0,13380,1338,0,14718,大阪支店,レンタル法人,4,延長,12ヶ月未満
B25035698,1,2025/12/31,5911,0,37400,3740,0,41140,大阪支店,レンタル法人,0,延長,12ヶ月未満
B25035699,1,2025/12/31,5911,0,7000,700,0,7700,大阪支店,レンタル法人,1,延長,12ヶ月未満
B25035701,1,2025/12/31,5911,0,17920,1792,0,19712,大阪支店,レンタル法人,1,延長,12ヶ月未満
B25035704,1,2025/12/31,5911,0,9600,960,0,10560,大阪支店,レンタル法人,1,延長,12ヶ月未満
B25035706,1,2025/12/31,12191,0,12000,1200,0,13200,大阪支店,レンタル法人,1,延長,12ヶ月未満
B25035709,1,2025/12/31,10059,0,4920,492,0,5412,大阪支店,レンタル法人,1,延長,12ヶ月未満
B25035710,1,2025/12/31,8072,0,8300,830,0,9130,大阪支店,レンタル法人,1,延長,12ヶ月未満
B25035711,1,2025/12/31,9693,0,9500,950,0,10450,大阪支店,レンタル法人,1,延長,12ヶ月未満
B25035712,1,2025/12/31,9693,0,9500,950,0,10450,大阪支店,レンタル法人,1,延長,12ヶ月未満
B25035713,1,2025/12/31,12191,0,12000,1200,0,13200,大阪支店,レンタル法人,1,延長,12ヶ月未満
B25035714,1,2025/12/31,8072,0,7360,736,0,8096,大阪支店,レンタル法人,1,延長,12ヶ月未満
B25035839,1,2025/12/31,13475,0,85800,8580,0,94380,大阪支店,レンタル法人,0,新規,12ヶ月未満
B25036093,1,2025/12/31,11843,0,200,20,0,220,大阪支店,レンタル法人,36,延長,12ヶ月以上
B25036093,2,2026/1/31,11843,0,200,20,0,220,大阪支店,レンタル法人,36,延長,12ヶ月以上
B25036093,3,2026/2/28,11843,0,200,20,0,220,大阪支店,レンタル法人,36,延長,12ヶ月以上
B25036093,4,2026/3/31,11843,0,200,20,0,220,大阪支店,レンタル法人,36,延長,12ヶ月以上
B25036093,5,2026/4/30,11843,0,200,20,0,220,大阪支店,レンタル法人,36,延長,12ヶ月以上
B25036093,6,2026/5/31,11843,0,200,20,0,220,大阪支店,レンタル法人,36,延長,12ヶ月以上
B25036093,7,2026/6/30,11843,0,200,20,0,220,大阪支店,レンタル法人,36,延長,12ヶ月以上
B25036093,8,2026/7/31,11843,0,200,20,0,220,大阪支店,レンタル法人,36,延長,12ヶ月以上
B25036093,9,2026/8/31,11843,0,200,20,0,220,大阪支店,レンタル法人,36,延長,12ヶ月以上
B25036181,1,2025/12/31,5911,0,3160,316,0,3476,大阪支店,レンタル法人,1,延長,12ヶ月未満
B26001239,1,2026/1/31,12191,0,4800,480,0,5280,大阪支店,レンタル法人,0,延長,12ヶ月未満
B26001240,1,2026/1/31,12191,0,12000,1200,0,13200,大阪支店,レンタル法人,1,延長,12ヶ月未満
B26001241,1,2026/1/31,10059,0,4920,492,0,5412,大阪支店,レンタル法人,1,延長,12ヶ月未満
B26001243,1,2026/1/31,8072,0,8300,830,0,9130,大阪支店,レンタル法人,1,延長,12ヶ月未満
B26001252,1,2026/1/31,8072,0,7360,736,0,8096,大阪支店,レンタル法人,1,延長,12ヶ月未満
B26001254,1,2026/1/31,12191,0,12000,1200,0,13200,大阪支店,レンタル法人,1,延長,12ヶ月未満
B26001257,1,2026/1/31,5911,0,9600,960,0,10560,大阪支店,レンタル法人,1,延長,12ヶ月未満
B26001260,1,2026/1/31,9693,0,9500,950,0,10450,大阪支店,レンタル法人,1,延長,12ヶ月未満
B26001261,1,2026/1/31,9693,0,9500,950,0,10450,大阪支店,レンタル法人,1,延長,12ヶ月未満
B26001387,1,2026/3/31,14255,0,0,0,0,0,大阪支店,レンタル法人,2,新規,12ヶ月未満
B26001414,1,2026/1/31,1401,0,18000,1800,0,19800,大阪支店,レンタル法人,0,新規,12ヶ月未満
B26001466,1,2026/1/31,5078,0,420200,42020,0,462220,大阪支店,レンタル法人,0,新規,12ヶ月未満
B26002736,1,2026/1/31,5911,0,18400,1840,0,20240,大阪支店,レンタル法人,2,延長,12ヶ月未満
B26002736,2,2026/2/28,5911,0,18400,1840,0,20240,大阪支店,レンタル法人,2,延長,12ヶ月未満
B26002739,1,2026/1/31,5911,0,3160,316,0,3476,大阪支店,レンタル法人,1,延長,12ヶ月未満
B26002755,1,2026/1/31,5911,0,7000,700,0,7700,大阪支店,レンタル法人,1,延長,12ヶ月未満
B26002761,1,2026/2/28,12191,0,4800,480,0,5280,大阪支店,レンタル法人,1,延長,12ヶ月未満
